size,path
,Node 0
,Node 0/Node 1
,Node 0/Node 1/Node 2
,Node 0/Node 1/Node 2/Node 181
,Node 0/Node 1/Node 2/Node 182
,Node 0/Node 1/Node 2/Node 201
,Node 0/Node 1/Node 2/Node 202
,Node 0/Node 1/Node 2/Node 204
,Node 0/Node 1/Node 2/Node 209
,Node 0/Node 1/Node 2/Node 210
,Node 0/Node 3
,Node 0/Node 3/Node 4
,Node 0/Node 3/Node 4/Node 123
,Node 0/Node 3/Node 4/Node 125
,Node 0/Node 3/Node 4/Node 126
,Node 0/Node 3/Node 4/Node 128
,Node 0/Node 3/Node 4/Node 129
,Node 0/Node 5
,Node 0/Node 5/Node 6
,Node 0/Node 5/Node 6/Node 81
,Node 0/Node 5/Node 6/Node 83
,Node 0/Node 5/Node 6/Node 84
,Node 0/Node 5/Node 6/Node 85
,Node 0/Node 5/Node 6/Node 86
,Node 0/Node 5/Node 6/Node 88
,Node 0/Node 5/Node 6/Node 89
,Node 0/Node 5/Node 6/Node 91
,Node 0/Node 5/Node 42
,Node 0/Node 7
,Node 0/Node 7/Node 8
,Node 0/Node 7/Node 8/Node 43
,Node 0/Node 7/Node 8/Node 51
,Node 0/Node 7/Node 8/Node 54
,Node 0/Node 7/Node 8/Node 58
,Node 0/Node 7/Node 8/Node 60
,Node 0/Node 7/Node 8/Node 62
,Node 0/Node 7/Node 8/Node 64
,Node 0/Node 7/Node 8/Node 66
,Node 0/Node 7/Node 8/Node 68
,Node 0/Node 7/Node 8/Node 75
,Node 0/Node 7/Node 8/Node 77
,Node 0/Node 7/Node 8/Node 93
,Node 0/Node 9
,Node 0/Node 9/Node 10
,Node 0/Node 9/Node 10/Node 113
,Node 0/Node 9/Node 10/Node 114
,Node 0/Node 9/Node 10/Node 115
,Node 0/Node 9/Node 10/Node 131
,Node 0/Node 9/Node 10/Node 144
,Node 0/Node 11
,Node 0/Node 11/Node 12
,Node 0/Node 11/Node 12/Node 184
,Node 0/Node 11/Node 12/Node 189
,Node 0/Node 11/Node 12/Node 195
,Node 0/Node 11/Node 12/Node 206
,Node 0/Node 11/Node 12/Node 207
,Node 0/Node 13
,Node 0/Node 13/Node 14
,Node 0/Node 13/Node 14/Node 99
,Node 0/Node 13/Node 14/Node 101
,Node 0/Node 13/Node 14/Node 103
,Node 0/Node 13/Node 14/Node 104
,Node 0/Node 13/Node 14/Node 105
,Node 0/Node 13/Node 14/Node 107
,Node 0/Node 13/Node 14/Node 109
,Node 0/Node 13/Node 14/Node 111
,Node 0/Node 15
,Node 0/Node 15/Node 16
,Node 0/Node 15/Node 16/Node 191
,Node 0/Node 15/Node 16/Node 192
,Node 0/Node 15/Node 16/Node 194
,Node 0/Node 15/Node 16/Node 197
,Node 0/Node 17
,Node 0/Node 17/Node 18
,Node 0/Node 17/Node 18/Node 198
,Node 0/Node 17/Node 18/Node 199
,Node 0/Node 17/Node 18/Node 200
,Node 0/Node 19
,Node 0/Node 19/Node 20
,Node 0/Node 19/Node 20/Node 167
,Node 0/Node 19/Node 20/Node 169
,Node 0/Node 19/Node 20/Node 171
,Node 0/Node 19/Node 20/Node 173
,Node 0/Node 19/Node 20/Node 176
,Node 0/Node 21
,Node 0/Node 21/Node 22
,Node 0/Node 21/Node 22/Node 97
,Node 0/Node 21/Node 22/Node 117
,Node 0/Node 21/Node 22/Node 119
,Node 0/Node 21/Node 33
,Node 0/Node 23
,Node 0/Node 23/Node 24
,Node 0/Node 25
,Node 0/Node 27
,Node 0/Node 29
,Node 0/Node 31
,Node 0/Node 34
,Node 0/Node 35
,Node 0/Node 37
,Node 0/Node 38
,Node 0/Node 40
,Node 0
,Node 0/Node 1
,Node 0/Node 1/Node 2
,Node 0/Node 1/Node 2/Node 181
,Node 0/Node 1/Node 2/Node 182
,Node 0/Node 1/Node 2/Node 201
,Node 0/Node 1/Node 2/Node 202
,Node 0/Node 1/Node 2/Node 204
,Node 0/Node 1/Node 2/Node 209
,Node 0/Node 1/Node 2/Node 210
,Node 0/Node 3
,Node 0/Node 3/Node 4
,Node 0/Node 3/Node 4/Node 123
,Node 0/Node 3/Node 4/Node 125
,Node 0/Node 3/Node 4/Node 126
,Node 0/Node 3/Node 4/Node 128
,Node 0/Node 3/Node 4/Node 129
,Node 0/Node 5
,Node 0/Node 5/Node 6
,Node 0/Node 5/Node 6/Node 81
,Node 0/Node 5/Node 6/Node 83
,Node 0/Node 5/Node 6/Node 84
,Node 0/Node 5/Node 6/Node 85
,Node 0/Node 5/Node 6/Node 86
,Node 0/Node 5/Node 6/Node 88
,Node 0/Node 5/Node 6/Node 89
,Node 0/Node 5/Node 6/Node 91
,Node 0/Node 5/Node 42
,Node 0/Node 7
,Node 0/Node 7/Node 8
,Node 0/Node 7/Node 8/Node 43
,Node 0/Node 7/Node 8/Node 51
,Node 0/Node 7/Node 8/Node 54
,Node 0/Node 7/Node 8/Node 58
,Node 0/Node 7/Node 8/Node 60
,Node 0/Node 7/Node 8/Node 62
,Node 0/Node 7/Node 8/Node 64
,Node 0/Node 7/Node 8/Node 66
,Node 0/Node 7/Node 8/Node 68
,Node 0/Node 7/Node 8/Node 75
,Node 0/Node 7/Node 8/Node 77
,Node 0/Node 7/Node 8/Node 93
,Node 0/Node 9
,Node 0/Node 9/Node 10
,Node 0/Node 9/Node 10/Node 113
,Node 0/Node 9/Node 10/Node 114
,Node 0/Node 9/Node 10/Node 115
,Node 0/Node 9/Node 10/Node 131
,Node 0/Node 9/Node 10/Node 144
,Node 0/Node 11
,Node 0/Node 11/Node 12
,Node 0/Node 11/Node 12/Node 184
,Node 0/Node 11/Node 12/Node 189
,Node 0/Node 11/Node 12/Node 195
,Node 0/Node 11/Node 12/Node 206
,Node 0/Node 11/Node 12/Node 207
,Node 0/Node 13
,Node 0/Node 13/Node 14
,Node 0/Node 13/Node 14/Node 99
,Node 0/Node 13/Node 14/Node 101
,Node 0/Node 13/Node 14/Node 103
,Node 0/Node 13/Node 14/Node 104
,Node 0/Node 13/Node 14/Node 105
,Node 0/Node 13/Node 14/Node 107
,Node 0/Node 13/Node 14/Node 109
,Node 0/Node 13/Node 14/Node 111
,Node 0/Node 15
,Node 0/Node 15/Node 16
,Node 0/Node 15/Node 16/Node 191
,Node 0/Node 15/Node 16/Node 192
,Node 0/Node 15/Node 16/Node 194
,Node 0/Node 15/Node 16/Node 197
,Node 0/Node 17
,Node 0/Node 17/Node 18
,Node 0/Node 17/Node 18/Node 198
,Node 0/Node 17/Node 18/Node 199
,Node 0/Node 17/Node 18/Node 200
,Node 0/Node 19
,Node 0/Node 19/Node 20
,Node 0/Node 19/Node 20/Node 167
,Node 0/Node 19/Node 20/Node 169
,Node 0/Node 19/Node 20/Node 171
,Node 0/Node 19/Node 20/Node 173
,Node 0/Node 19/Node 20/Node 176
,Node 0/Node 21
,Node 0/Node 21/Node 22
,Node 0/Node 21/Node 22/Node 97
,Node 0/Node 21/Node 22/Node 117
,Node 0/Node 21/Node 22/Node 119
,Node 0/Node 21/Node 33
,Node 0/Node 23
,Node 0/Node 23/Node 24
,Node 0/Node 25
,Node 0/Node 27
,Node 0/Node 29
,Node 0/Node 31
,Node 0/Node 34
,Node 0/Node 35
,Node 0/Node 37
,Node 0/Node 38
,Node 0/Node 40
,Node 0
,Node 0/Node 1
,Node 0/Node 1/Node 2
,Node 0/Node 1/Node 2/Node 181
,Node 0/Node 1/Node 2/Node 182
,Node 0/Node 1/Node 2/Node 201
,Node 0/Node 1/Node 2/Node 202
,Node 0/Node 1/Node 2/Node 204
,Node 0/Node 1/Node 2/Node 209
,Node 0/Node 1/Node 2/Node 210
,Node 0/Node 3
,Node 0/Node 3/Node 4
,Node 0/Node 3/Node 4/Node 123
,Node 0/Node 3/Node 4/Node 125
,Node 0/Node 3/Node 4/Node 126
,Node 0/Node 3/Node 4/Node 128
,Node 0/Node 3/Node 4/Node 129
,Node 0/Node 5
,Node 0/Node 5/Node 6
,Node 0/Node 5/Node 6/Node 81
,Node 0/Node 5/Node 6/Node 83
,Node 0/Node 5/Node 6/Node 84
,Node 0/Node 5/Node 6/Node 85
,Node 0/Node 5/Node 6/Node 86
,Node 0/Node 5/Node 6/Node 88
,Node 0/Node 5/Node 6/Node 89
,Node 0/Node 5/Node 6/Node 91
,Node 0/Node 5/Node 42
,Node 0/Node 7
,Node 0/Node 7/Node 8
,Node 0/Node 7/Node 8/Node 43
,Node 0/Node 7/Node 8/Node 51
,Node 0/Node 7/Node 8/Node 54
,Node 0/Node 7/Node 8/Node 58
,Node 0/Node 7/Node 8/Node 60
,Node 0/Node 7/Node 8/Node 62
,Node 0/Node 7/Node 8/Node 64
,Node 0/Node 7/Node 8/Node 66
,Node 0/Node 7/Node 8/Node 68
,Node 0/Node 7/Node 8/Node 75
,Node 0/Node 7/Node 8/Node 77
,Node 0/Node 7/Node 8/Node 93
,Node 0/Node 9
,Node 0/Node 9/Node 10
,Node 0/Node 9/Node 10/Node 113
,Node 0/Node 9/Node 10/Node 114
,Node 0/Node 9/Node 10/Node 115
,Node 0/Node 9/Node 10/Node 131
,Node 0/Node 9/Node 10/Node 144
,Node 0/Node 11
,Node 0/Node 11/Node 12
,Node 0/Node 11/Node 12/Node 184
,Node 0/Node 11/Node 12/Node 189
,Node 0/Node 11/Node 12/Node 195
,Node 0/Node 11/Node 12/Node 206
,Node 0/Node 11/Node 12/Node 207
,Node 0/Node 13
,Node 0/Node 13/Node 14
,Node 0/Node 13/Node 14/Node 99
,Node 0/Node 13/Node 14/Node 101
,Node 0/Node 13/Node 14/Node 103
,Node 0/Node 13/Node 14/Node 104
,Node 0/Node 13/Node 14/Node 105
,Node 0/Node 13/Node 14/Node 107
,Node 0/Node 13/Node 14/Node 109
,Node 0/Node 13/Node 14/Node 111
,Node 0/Node 15
,Node 0/Node 15/Node 16
,Node 0/Node 15/Node 16/Node 191
,Node 0/Node 15/Node 16/Node 192
,Node 0/Node 15/Node 16/Node 194
,Node 0/Node 15/Node 16/Node 197
,Node 0/Node 17
,Node 0/Node 17/Node 18
,Node 0/Node 17/Node 18/Node 198
,Node 0/Node 17/Node 18/Node 199
,Node 0/Node 17/Node 18/Node 200
,Node 0/Node 19
,Node 0/Node 19/Node 20
,Node 0/Node 19/Node 20/Node 167
,Node 0/Node 19/Node 20/Node 169
,Node 0/Node 19/Node 20/Node 171
,Node 0/Node 19/Node 20/Node 173
,Node 0/Node 19/Node 20/Node 176
,Node 0/Node 21
,Node 0/Node 21/Node 22
,Node 0/Node 21/Node 22/Node 97
,Node 0/Node 21/Node 22/Node 117
,Node 0/Node 21/Node 22/Node 119
,Node 0/Node 21/Node 33
,Node 0/Node 23
,Node 0/Node 23/Node 24
,Node 0/Node 25
,Node 0/Node 27
,Node 0/Node 29
,Node 0/Node 31
,Node 0/Node 34
,Node 0/Node 35
,Node 0/Node 37
,Node 0/Node 38
,Node 0/Node 40
,Node 0
,Node 0/Node 1
,Node 0/Node 1/Node 2
,Node 0/Node 1/Node 2/Node 181
,Node 0/Node 1/Node 2/Node 182
,Node 0/Node 1/Node 2/Node 201
,Node 0/Node 1/Node 2/Node 202
,Node 0/Node 1/Node 2/Node 204
,Node 0/Node 1/Node 2/Node 209
,Node 0/Node 1/Node 2/Node 210
,Node 0/Node 3
,Node 0/Node 3/Node 4
,Node 0/Node 3/Node 4/Node 123
,Node 0/Node 3/Node 4/Node 125
,Node 0/Node 3/Node 4/Node 126
,Node 0/Node 3/Node 4/Node 128
,Node 0/Node 3/Node 4/Node 129
,Node 0/Node 5
,Node 0/Node 5/Node 6
,Node 0/Node 5/Node 6/Node 81
,Node 0/Node 5/Node 6/Node 83
,Node 0/Node 5/Node 6/Node 84
,Node 0/Node 5/Node 6/Node 85
,Node 0/Node 5/Node 6/Node 86
,Node 0/Node 5/Node 6/Node 88
,Node 0/Node 5/Node 6/Node 89
,Node 0/Node 5/Node 6/Node 91
,Node 0/Node 5/Node 42
,Node 0/Node 7
,Node 0/Node 7/Node 8
,Node 0/Node 7/Node 8/Node 43
,Node 0/Node 7/Node 8/Node 51
,Node 0/Node 7/Node 8/Node 54
,Node 0/Node 7/Node 8/Node 58
,Node 0/Node 7/Node 8/Node 60
,Node 0/Node 7/Node 8/Node 62
,Node 0/Node 7/Node 8/Node 64
,Node 0/Node 7/Node 8/Node 66
,Node 0/Node 7/Node 8/Node 68
,Node 0/Node 7/Node 8/Node 75
,Node 0/Node 7/Node 8/Node 77
,Node 0/Node 7/Node 8/Node 93
,Node 0/Node 9
,Node 0/Node 9/Node 10
,Node 0/Node 9/Node 10/Node 113
,Node 0/Node 9/Node 10/Node 114
,Node 0/Node 9/Node 10/Node 115
,Node 0/Node 9/Node 10/Node 131
,Node 0/Node 9/Node 10/Node 144
,Node 0/Node 11
,Node 0/Node 11/Node 12
,Node 0/Node 11/Node 12/Node 184
,Node 0/Node 11/Node 12/Node 189
,Node 0/Node 11/Node 12/Node 195
,Node 0/Node 11/Node 12/Node 206
,Node 0/Node 11/Node 12/Node 207
,Node 0/Node 13
,Node 0/Node 13/Node 14
,Node 0/Node 13/Node 14/Node 99
,Node 0/Node 13/Node 14/Node 101
,Node 0/Node 13/Node 14/Node 103
,Node 0/Node 13/Node 14/Node 104
,Node 0/Node 13/Node 14/Node 105
,Node 0/Node 13/Node 14/Node 107
,Node 0/Node 13/Node 14/Node 109
,Node 0/Node 13/Node 14/Node 111
,Node 0/Node 15
,Node 0/Node 15/Node 16
,Node 0/Node 15/Node 16/Node 191
,Node 0/Node 15/Node 16/Node 192
,Node 0/Node 15/Node 16/Node 194
,Node 0/Node 15/Node 16/Node 197
,Node 0/Node 17
,Node 0/Node 17/Node 18
,Node 0/Node 17/Node 18/Node 198
,Node 0/Node 17/Node 18/Node 199
,Node 0/Node 17/Node 18/Node 200
,Node 0/Node 19
,Node 0/Node 19/Node 20
,Node 0/Node 19/Node 20/Node 167
,Node 0/Node 19/Node 20/Node 169
,Node 0/Node 19/Node 20/Node 171
,Node 0/Node 19/Node 20/Node 173
,Node 0/Node 19/Node 20/Node 176
,Node 0/Node 21
,Node 0/Node 21/Node 22
,Node 0/Node 21/Node 22/Node 97
,Node 0/Node 21/Node 22/Node 117
,Node 0/Node 21/Node 22/Node 119
,Node 0/Node 21/Node 33
,Node 0/Node 23
,Node 0/Node 23/Node 24
,Node 0/Node 25
,Node 0/Node 27
,Node 0/Node 29
,Node 0/Node 31
,Node 0/Node 34
,Node 0/Node 35
,Node 0/Node 37
,Node 0/Node 38
,Node 0/Node 40
,Node 0
,Node 0/Node 1
,Node 0/Node 1/Node 2
,Node 0/Node 1/Node 2/Node 181
,Node 0/Node 1/Node 2/Node 182
,Node 0/Node 1/Node 2/Node 201
,Node 0/Node 1/Node 2/Node 202
,Node 0/Node 1/Node 2/Node 204
,Node 0/Node 1/Node 2/Node 209
,Node 0/Node 1/Node 2/Node 210
,Node 0/Node 3
,Node 0/Node 3/Node 4
,Node 0/Node 3/Node 4/Node 123
,Node 0/Node 3/Node 4/Node 125
,Node 0/Node 3/Node 4/Node 126
,Node 0/Node 3/Node 4/Node 128
,Node 0/Node 3/Node 4/Node 129
,Node 0/Node 5
,Node 0/Node 5/Node 6
,Node 0/Node 5/Node 6/Node 81
,Node 0/Node 5/Node 6/Node 83
,Node 0/Node 5/Node 6/Node 84
,Node 0/Node 5/Node 6/Node 85
,Node 0/Node 5/Node 6/Node 86
,Node 0/Node 5/Node 6/Node 88
,Node 0/Node 5/Node 6/Node 89
,Node 0/Node 5/Node 6/Node 91
,Node 0/Node 5/Node 42
,Node 0/Node 7
,Node 0/Node 7/Node 8
,Node 0/Node 7/Node 8/Node 43
,Node 0/Node 7/Node 8/Node 51
,Node 0/Node 7/Node 8/Node 54
,Node 0/Node 7/Node 8/Node 58
,Node 0/Node 7/Node 8/Node 60
,Node 0/Node 7/Node 8/Node 62
,Node 0/Node 7/Node 8/Node 64
,Node 0/Node 7/Node 8/Node 66
,Node 0/Node 7/Node 8/Node 68
,Node 0/Node 7/Node 8/Node 75
,Node 0/Node 7/Node 8/Node 77
,Node 0/Node 7/Node 8/Node 93
,Node 0/Node 9
,Node 0/Node 9/Node 10
,Node 0/Node 9/Node 10/Node 113
,Node 0/Node 9/Node 10/Node 114
,Node 0/Node 9/Node 10/Node 115
,Node 0/Node 9/Node 10/Node 131
,Node 0/Node 9/Node 10/Node 144
,Node 0/Node 11
,Node 0/Node 11/Node 12
,Node 0/Node 11/Node 12/Node 184
,Node 0/Node 11/Node 12/Node 189
,Node 0/Node 11/Node 12/Node 195
,Node 0/Node 11/Node 12/Node 206
,Node 0/Node 11/Node 12/Node 207
,Node 0/Node 13
,Node 0/Node 13/Node 14
,Node 0/Node 13/Node 14/Node 99
,Node 0/Node 13/Node 14/Node 101
,Node 0/Node 13/Node 14/Node 103
,Node 0/Node 13/Node 14/Node 104
,Node 0/Node 13/Node 14/Node 105
,Node 0/Node 13/Node 14/Node 107
,Node 0/Node 13/Node 14/Node 109
,Node 0/Node 13/Node 14/Node 111
,Node 0/Node 15
,Node 0/Node 15/Node 16
,Node 0/Node 15/Node 16/Node 191
,Node 0/Node 15/Node 16/Node 192
,Node 0/Node 15/Node 16/Node 194
,Node 0/Node 15/Node 16/Node 197
,Node 0/Node 17
,Node 0/Node 17/Node 18
,Node 0/Node 17/Node 18/Node 198
,Node 0/Node 17/Node 18/Node 199
,Node 0/Node 17/Node 18/Node 200
,Node 0/Node 19
,Node 0/Node 19/Node 20
,Node 0/Node 19/Node 20/Node 167
,Node 0/Node 19/Node 20/Node 169
,Node 0/Node 19/Node 20/Node 171
,Node 0/Node 19/Node 20/Node 173
,Node 0/Node 19/Node 20/Node 176
,Node 0/Node 21
,Node 0/Node 21/Node 22
,Node 0/Node 21/Node 22/Node 97
,Node 0/Node 21/Node 22/Node 117
,Node 0/Node 21/Node 22/Node 119
,Node 0/Node 21/Node 33
,Node 0/Node 23
,Node 0/Node 23/Node 24
,Node 0/Node 25
,Node 0/Node 27
,Node 0/Node 29
,Node 0/Node 31
,Node 0/Node 34
,Node 0/Node 35
,Node 0/Node 37
,Node 0/Node 38
,Node 0/Node 40
,Node 0
,Node 0/Node 1
,Node 0/Node 1/Node 2
,Node 0/Node 1/Node 2/Node 181
,Node 0/Node 1/Node 2/Node 182
,Node 0/Node 1/Node 2/Node 201
,Node 0/Node 1/Node 2/Node 202
,Node 0/Node 1/Node 2/Node 204
,Node 0/Node 1/Node 2/Node 209
,Node 0/Node 1/Node 2/Node 210
,Node 0/Node 3
,Node 0/Node 3/Node 4
,Node 0/Node 3/Node 4/Node 123
,Node 0/Node 3/Node 4/Node 125
,Node 0/Node 3/Node 4/Node 126
,Node 0/Node 3/Node 4/Node 128
,Node 0/Node 3/Node 4/Node 129
,Node 0/Node 5
,Node 0/Node 5/Node 6
,Node 0/Node 5/Node 6/Node 81
,Node 0/Node 5/Node 6/Node 83
,Node 0/Node 5/Node 6/Node 84
,Node 0/Node 5/Node 6/Node 85
,Node 0/Node 5/Node 6/Node 86
,Node 0/Node 5/Node 6/Node 88
,Node 0/Node 5/Node 6/Node 89
,Node 0/Node 5/Node 6/Node 91
,Node 0/Node 5/Node 42
,Node 0/Node 7
,Node 0/Node 7/Node 8
,Node 0/Node 7/Node 8/Node 43
,Node 0/Node 7/Node 8/Node 51
,Node 0/Node 7/Node 8/Node 54
,Node 0/Node 7/Node 8/Node 58
,Node 0/Node 7/Node 8/Node 60
,Node 0/Node 7/Node 8/Node 62
,Node 0/Node 7/Node 8/Node 64
,Node 0/Node 7/Node 8/Node 66
,Node 0/Node 7/Node 8/Node 68
,Node 0/Node 7/Node 8/Node 75
,Node 0/Node 7/Node 8/Node 77
,Node 0/Node 7/Node 8/Node 93
,Node 0/Node 9
,Node 0/Node 9/Node 10
,Node 0/Node 9/Node 10/Node 113
,Node 0/Node 9/Node 10/Node 114
,Node 0/Node 9/Node 10/Node 115
,Node 0/Node 9/Node 10/Node 131
,Node 0/Node 9/Node 10/Node 144
,Node 0/Node 11
,Node 0/Node 11/Node 12
,Node 0/Node 11/Node 12/Node 184
,Node 0/Node 11/Node 12/Node 189
,Node 0/Node 11/Node 12/Node 195
,Node 0/Node 11/Node 12/Node 206
,Node 0/Node 11/Node 12/Node 207
,Node 0/Node 13
,Node 0/Node 13/Node 14
,Node 0/Node 13/Node 14/Node 99
,Node 0/Node 13/Node 14/Node 101
,Node 0/Node 13/Node 14/Node 103
,Node 0/Node 13/Node 14/Node 104
,Node 0/Node 13/Node 14/Node 105
,Node 0/Node 13/Node 14/Node 107
,Node 0/Node 13/Node 14/Node 109
,Node 0/Node 13/Node 14/Node 111
,Node 0/Node 15
,Node 0/Node 15/Node 16
,Node 0/Node 15/Node 16/Node 191
,Node 0/Node 15/Node 16/Node 192
,Node 0/Node 15/Node 16/Node 194
,Node 0/Node 15/Node 16/Node 197
,Node 0/Node 17
,Node 0/Node 17/Node 18
,Node 0/Node 17/Node 18/Node 198
,Node 0/Node 17/Node 18/Node 199
,Node 0/Node 17/Node 18/Node 200
,Node 0/Node 19
,Node 0/Node 19/Node 20
,Node 0/Node 19/Node 20/Node 167
,Node 0/Node 19/Node 20/Node 169
,Node 0/Node 19/Node 20/Node 171
,Node 0/Node 19/Node 20/Node 173
,Node 0/Node 19/Node 20/Node 176
,Node 0/Node 21
,Node 0/Node 21/Node 22
,Node 0/Node 21/Node 22/Node 97
,Node 0/Node 21/Node 22/Node 117
,Node 0/Node 21/Node 22/Node 119
,Node 0/Node 21/Node 33
,Node 0/Node 23
,Node 0/Node 23/Node 24
,Node 0/Node 25
,Node 0/Node 27
,Node 0/Node 29
,Node 0/Node 31
,Node 0/Node 34
,Node 0/Node 35
,Node 0/Node 37
,Node 0/Node 38
,Node 0/Node 40
,Node 0
,Node 0/Node 1
,Node 0/Node 1/Node 2
,Node 0/Node 1/Node 2/Node 181
,Node 0/Node 1/Node 2/Node 182
,Node 0/Node 1/Node 2/Node 201
,Node 0/Node 1/Node 2/Node 202
,Node 0/Node 1/Node 2/Node 204
,Node 0/Node 1/Node 2/Node 209
,Node 0/Node 1/Node 2/Node 210
,Node 0/Node 3
,Node 0/Node 3/Node 4
,Node 0/Node 3/Node 4/Node 123
,Node 0/Node 3/Node 4/Node 125
,Node 0/Node 3/Node 4/Node 126
,Node 0/Node 3/Node 4/Node 128
,Node 0/Node 3/Node 4/Node 129
,Node 0/Node 5
,Node 0/Node 5/Node 6
,Node 0/Node 5/Node 6/Node 81
,Node 0/Node 5/Node 6/Node 83
,Node 0/Node 5/Node 6/Node 84
,Node 0/Node 5/Node 6/Node 85
,Node 0/Node 5/Node 6/Node 86
,Node 0/Node 5/Node 6/Node 88
,Node 0/Node 5/Node 6/Node 89
,Node 0/Node 5/Node 6/Node 91
,Node 0/Node 5/Node 42
,Node 0/Node 7
,Node 0/Node 7/Node 8
,Node 0/Node 7/Node 8/Node 43
,Node 0/Node 7/Node 8/Node 51
,Node 0/Node 7/Node 8/Node 54
,Node 0/Node 7/Node 8/Node 58
,Node 0/Node 7/Node 8/Node 60
,Node 0/Node 7/Node 8/Node 62
,Node 0/Node 7/Node 8/Node 64
,Node 0/Node 7/Node 8/Node 66
,Node 0/Node 7/Node 8/Node 68
,Node 0/Node 7/Node 8/Node 75
,Node 0/Node 7/Node 8/Node 77
,Node 0/Node 7/Node 8/Node 93
,Node 0/Node 9
,Node 0/Node 9/Node 10
,Node 0/Node 9/Node 10/Node 113
,Node 0/Node 9/Node 10/Node 114
,Node 0/Node 9/Node 10/Node 115
,Node 0/Node 9/Node 10/Node 131
,Node 0/Node 9/Node 10/Node 144
,Node 0/Node 11
,Node 0/Node 11/Node 12
,Node 0/Node 11/Node 12/Node 184
,Node 0/Node 11/Node 12/Node 189
,Node 0/Node 11/Node 12/Node 195
,Node 0/Node 11/Node 12/Node 206
,Node 0/Node 11/Node 12/Node 207
,Node 0/Node 13
,Node 0/Node 13/Node 14
,Node 0/Node 13/Node 14/Node 99
,Node 0/Node 13/Node 14/Node 101
,Node 0/Node 13/Node 14/Node 103
,Node 0/Node 13/Node 14/Node 104
,Node 0/Node 13/Node 14/Node 105
,Node 0/Node 13/Node 14/Node 107
,Node 0/Node 13/Node 14/Node 109
,Node 0/Node 13/Node 14/Node 111
,Node 0/Node 15
,Node 0/Node 15/Node 16
,Node 0/Node 15/Node 16/Node 191
,Node 0/Node 15/Node 16/Node 192
,Node 0/Node 15/Node 16/Node 194
,Node 0/Node 15/Node 16/Node 197
,Node 0/Node 17
,Node 0/Node 17/Node 18
,Node 0/Node 17/Node 18/Node 198
,Node 0/Node 17/Node 18/Node 199
,Node 0/Node 17/Node 18/Node 200
,Node 0/Node 19
,Node 0/Node 19/Node 20
,Node 0/Node 19/Node 20/Node 167
,Node 0/Node 19/Node 20/Node 169
,Node 0/Node 19/Node 20/Node 171
,Node 0/Node 19/Node 20/Node 173
,Node 0/Node 19/Node 20/Node 176
,Node 0/Node 21
,Node 0/Node 21/Node 22
,Node 0/Node 21/Node 22/Node 97
,Node 0/Node 21/Node 22/Node 117
,Node 0/Node 21/Node 22/Node 119
,Node 0/Node 21/Node 33
,Node 0/Node 23
,Node 0/Node 23/Node 24
,Node 0/Node 25
,Node 0/Node 27
,Node 0/Node 29
,Node 0/Node 31
,Node 0/Node 34
,Node 0/Node 35
,Node 0/Node 37
,Node 0/Node 38
,Node 0/Node 40
,Node 0
,Node 0/Node 1
,Node 0/Node 1/Node 2
,Node 0/Node 1/Node 2/Node 181
,Node 0/Node 1/Node 2/Node 182
,Node 0/Node 1/Node 2/Node 201
,Node 0/Node 1/Node 2/Node 202
,Node 0/Node 1/Node 2/Node 204
,Node 0/Node 1/Node 2/Node 209
,Node 0/Node 1/Node 2/Node 210
,Node 0/Node 3
,Node 0/Node 3/Node 4
,Node 0/Node 3/Node 4/Node 123
,Node 0/Node 3/Node 4/Node 125
,Node 0/Node 3/Node 4/Node 126
,Node 0/Node 3/Node 4/Node 128
,Node 0/Node 3/Node 4/Node 129
,Node 0/Node 5
,Node 0/Node 5/Node 6
,Node 0/Node 5/Node 6/Node 81
,Node 0/Node 5/Node 6/Node 83
,Node 0/Node 5/Node 6/Node 84
,Node 0/Node 5/Node 6/Node 85
,Node 0/Node 5/Node 6/Node 86
,Node 0/Node 5/Node 6/Node 88
,Node 0/Node 5/Node 6/Node 89
,Node 0/Node 5/Node 6/Node 91
,Node 0/Node 5/Node 42
,Node 0/Node 7
,Node 0/Node 7/Node 8
,Node 0/Node 7/Node 8/Node 43
,Node 0/Node 7/Node 8/Node 51
,Node 0/Node 7/Node 8/Node 54
,Node 0/Node 7/Node 8/Node 58
,Node 0/Node 7/Node 8/Node 60
,Node 0/Node 7/Node 8/Node 62
,Node 0/Node 7/Node 8/Node 64
,Node 0/Node 7/Node 8/Node 66
,Node 0/Node 7/Node 8/Node 68
,Node 0/Node 7/Node 8/Node 75
,Node 0/Node 7/Node 8/Node 77
,Node 0/Node 7/Node 8/Node 93
,Node 0/Node 9
,Node 0/Node 9/Node 10
,Node 0/Node 9/Node 10/Node 113
,Node 0/Node 9/Node 10/Node 114
,Node 0/Node 9/Node 10/Node 115
,Node 0/Node 9/Node 10/Node 131
,Node 0/Node 9/Node 10/Node 144
,Node 0/Node 11
,Node 0/Node 11/Node 12
,Node 0/Node 11/Node 12/Node 184
,Node 0/Node 11/Node 12/Node 189
,Node 0/Node 11/Node 12/Node 195
,Node 0/Node 11/Node 12/Node 206
,Node 0/Node 11/Node 12/Node 207
,Node 0/Node 13
,Node 0/Node 13/Node 14
,Node 0/Node 13/Node 14/Node 99
,Node 0/Node 13/Node 14/Node 101
,Node 0/Node 13/Node 14/Node 103
,Node 0/Node 13/Node 14/Node 104
,Node 0/Node 13/Node 14/Node 105
,Node 0/Node 13/Node 14/Node 107
,Node 0/Node 13/Node 14/Node 109
,Node 0/Node 13/Node 14/Node 111
,Node 0/Node 15
,Node 0/Node 15/Node 16
,Node 0/Node 15/Node 16/Node 191
,Node 0/Node 15/Node 16/Node 192
,Node 0/Node 15/Node 16/Node 194
,Node 0/Node 15/Node 16/Node 197
,Node 0/Node 17
,Node 0/Node 17/Node 18
,Node 0/Node 17/Node 18/Node 198
,Node 0/Node 17/Node 18/Node 199
,Node 0/Node 17/Node 18/Node 200
,Node 0/Node 19
,Node 0/Node 19/Node 20
,Node 0/Node 19/Node 20/Node 167
,Node 0/Node 19/Node 20/Node 169
,Node 0/Node 19/Node 20/Node 171
,Node 0/Node 19/Node 20/Node 173
,Node 0/Node 19/Node 20/Node 176
,Node 0/Node 21
,Node 0/Node 21/Node 22
,Node 0/Node 21/Node 22/Node 97
,Node 0/Node 21/Node 22/Node 117
,Node 0/Node 21/Node 22/Node 119
,Node 0/Node 21/Node 33
,Node 0/Node 23
,Node 0/Node 23/Node 24
,Node 0/Node 25
,Node 0/Node 27
,Node 0/Node 29
,Node 0/Node 31
,Node 0/Node 34
,Node 0/Node 35
,Node 0/Node 37
,Node 0/Node 38
,Node 0/Node 40
,Node 0
,Node 0/Node 1
,Node 0/Node 1/Node 2
,Node 0/Node 1/Node 2/Node 181
,Node 0/Node 1/Node 2/Node 182
,Node 0/Node 1/Node 2/Node 201
,Node 0/Node 1/Node 2/Node 202
,Node 0/Node 1/Node 2/Node 204
,Node 0/Node 1/Node 2/Node 209
,Node 0/Node 1/Node 2/Node 210
,Node 0/Node 3
,Node 0/Node 3/Node 4
,Node 0/Node 3/Node 4/Node 123
,Node 0/Node 3/Node 4/Node 125
,Node 0/Node 3/Node 4/Node 126
,Node 0/Node 3/Node 4/Node 128
,Node 0/Node 3/Node 4/Node 129
,Node 0/Node 5
,Node 0/Node 5/Node 6
,Node 0/Node 5/Node 6/Node 81
,Node 0/Node 5/Node 6/Node 83
,Node 0/Node 5/Node 6/Node 84
,Node 0/Node 5/Node 6/Node 85
,Node 0/Node 5/Node 6/Node 86
,Node 0/Node 5/Node 6/Node 88
,Node 0/Node 5/Node 6/Node 89
,Node 0/Node 5/Node 6/Node 91
,Node 0/Node 5/Node 42
,Node 0/Node 7
,Node 0/Node 7/Node 8
,Node 0/Node 7/Node 8/Node 43
,Node 0/Node 7/Node 8/Node 51
,Node 0/Node 7/Node 8/Node 54
,Node 0/Node 7/Node 8/Node 58
,Node 0/Node 7/Node 8/Node 60
,Node 0/Node 7/Node 8/Node 62
,Node 0/Node 7/Node 8/Node 64
,Node 0/Node 7/Node 8/Node 66
,Node 0/Node 7/Node 8/Node 68
,Node 0/Node 7/Node 8/Node 75
,Node 0/Node 7/Node 8/Node 77
,Node 0/Node 7/Node 8/Node 93
,Node 0/Node 9
,Node 0/Node 9/Node 10
,Node 0/Node 9/Node 10/Node 113
,Node 0/Node 9/Node 10/Node 114
,Node 0/Node 9/Node 10/Node 115
,Node 0/Node 9/Node 10/Node 131
,Node 0/Node 9/Node 10/Node 144
,Node 0/Node 11
,Node 0/Node 11/Node 12
,Node 0/Node 11/Node 12/Node 184
,Node 0/Node 11/Node 12/Node 189
,Node 0/Node 11/Node 12/Node 195
,Node 0/Node 11/Node 12/Node 206
,Node 0/Node 11/Node 12/Node 207
,Node 0/Node 13
,Node 0/Node 13/Node 14
,Node 0/Node 13/Node 14/Node 99
,Node 0/Node 13/Node 14/Node 101
,Node 0/Node 13/Node 14/Node 103
,Node 0/Node 13/Node 14/Node 104
,Node 0/Node 13/Node 14/Node 105
,Node 0/Node 13/Node 14/Node 107
,Node 0/Node 13/Node 14/Node 109
,Node 0/Node 13/Node 14/Node 111
,Node 0/Node 15
,Node 0/Node 15/Node 16
,Node 0/Node 15/Node 16/Node 191
,Node 0/Node 15/Node 16/Node 192
,Node 0/Node 15/Node 16/Node 194
,Node 0/Node 15/Node 16/Node 197
,Node 0/Node 17
,Node 0/Node 17/Node 18
,Node 0/Node 17/Node 18/Node 198
,Node 0/Node 17/Node 18/Node 199
,Node 0/Node 17/Node 18/Node 200
,Node 0/Node 19
,Node 0/Node 19/Node 20
,Node 0/Node 19/Node 20/Node 167
,Node 0/Node 19/Node 20/Node 169
,Node 0/Node 19/Node 20/Node 171
,Node 0/Node 19/Node 20/Node 173
,Node 0/Node 19/Node 20/Node 176
,Node 0/Node 21
,Node 0/Node 21/Node 22
,Node 0/Node 21/Node 22/Node 97
,Node 0/Node 21/Node 22/Node 117
,Node 0/Node 21/Node 22/Node 119
,Node 0/Node 21/Node 33
,Node 0/Node 23
,Node 0/Node 23/Node 24
,Node 0/Node 25
,Node 0/Node 27
,Node 0/Node 29
,Node 0/Node 31
,Node 0/Node 34
,Node 0/Node 35
,Node 0/Node 37
,Node 0/Node 38
,Node 0/Node 40
,Node 0
,Node 0/Node 1
,Node 0/Node 1/Node 2
,Node 0/Node 1/Node 2/Node 181
,Node 0/Node 1/Node 2/Node 182
,Node 0/Node 1/Node 2/Node 201
,Node 0/Node 1/Node 2/Node 202
,Node 0/Node 1/Node 2/Node 204
,Node 0/Node 1/Node 2/Node 209
,Node 0/Node 1/Node 2/Node 210
,Node 0/Node 3
,Node 0/Node 3/Node 4
,Node 0/Node 3/Node 4/Node 123
,Node 0/Node 3/Node 4/Node 125
,Node 0/Node 3/Node 4/Node 126
,Node 0/Node 3/Node 4/Node 128
,Node 0/Node 3/Node 4/Node 129
,Node 0/Node 5
,Node 0/Node 5/Node 6
,Node 0/Node 5/Node 6/Node 81
,Node 0/Node 5/Node 6/Node 83
,Node 0/Node 5/Node 6/Node 84
,Node 0/Node 5/Node 6/Node 85
,Node 0/Node 5/Node 6/Node 86
,Node 0/Node 5/Node 6/Node 88
,Node 0/Node 5/Node 6/Node 89
,Node 0/Node 5/Node 6/Node 91
,Node 0/Node 5/Node 42
,Node 0/Node 7
,Node 0/Node 7/Node 8
,Node 0/Node 7/Node 8/Node 43
,Node 0/Node 7/Node 8/Node 51
,Node 0/Node 7/Node 8/Node 54
,Node 0/Node 7/Node 8/Node 58
,Node 0/Node 7/Node 8/Node 60
,Node 0/Node 7/Node 8/Node 62
,Node 0/Node 7/Node 8/Node 64
,Node 0/Node 7/Node 8/Node 66
,Node 0/Node 7/Node 8/Node 68
,Node 0/Node 7/Node 8/Node 75
,Node 0/Node 7/Node 8/Node 77
,Node 0/Node 7/Node 8/Node 93
,Node 0/Node 9
,Node 0/Node 9/Node 10
,Node 0/Node 9/Node 10/Node 113
,Node 0/Node 9/Node 10/Node 114
,Node 0/Node 9/Node 10/Node 115
,Node 0/Node 9/Node 10/Node 131
,Node 0/Node 9/Node 10/Node 144
,Node 0/Node 11
,Node 0/Node 11/Node 12
,Node 0/Node 11/Node 12/Node 184
,Node 0/Node 11/Node 12/Node 189
,Node 0/Node 11/Node 12/Node 195
,Node 0/Node 11/Node 12/Node 206
,Node 0/Node 11/Node 12/Node 207
,Node 0/Node 13
,Node 0/Node 13/Node 14
,Node 0/Node 13/Node 14/Node 99
,Node 0/Node 13/Node 14/Node 101
,Node 0/Node 13/Node 14/Node 103
,Node 0/Node 13/Node 14/Node 104
,Node 0/Node 13/Node 14/Node 105
,Node 0/Node 13/Node 14/Node 107
,Node 0/Node 13/Node 14/Node 109
,Node 0/Node 13/Node 14/Node 111
,Node 0/Node 15
,Node 0/Node 15/Node 16
,Node 0/Node 15/Node 16/Node 191
,Node 0/Node 15/Node 16/Node 192
,Node 0/Node 15/Node 16/Node 194
,Node 0/Node 15/Node 16/Node 197
,Node 0/Node 17
,Node 0/Node 17/Node 18
,Node 0/Node 17/Node 18/Node 198
,Node 0/Node 17/Node 18/Node 199
,Node 0/Node 17/Node 18/Node 200
,Node 0/Node 19
,Node 0/Node 19/Node 20
,Node 0/Node 19/Node 20/Node 167
,Node 0/Node 19/Node 20/Node 169
,Node 0/Node 19/Node 20/Node 171
,Node 0/Node 19/Node 20/Node 173
,Node 0/Node 19/Node 20/Node 176
,Node 0/Node 21
,Node 0/Node 21/Node 22
,Node 0/Node 21/Node 22/Node 97
,Node 0/Node 21/Node 22/Node 117
,Node 0/Node 21/Node 22/Node 119
,Node 0/Node 21/Node 33
,Node 0/Node 23
,Node 0/Node 23/Node 24
,Node 0/Node 25
,Node 0/Node 27
,Node 0/Node 29
,Node 0/Node 31
,Node 0/Node 34
,Node 0/Node 35
,Node 0/Node 37
,Node 0/Node 38
,Node 0/Node 40
,Node 0
,Node 0/Node 1
,Node 0/Node 1/Node 2
,Node 0/Node 1/Node 2/Node 181
,Node 0/Node 1/Node 2/Node 182
,Node 0/Node 1/Node 2/Node 201
,Node 0/Node 1/Node 2/Node 202
,Node 0/Node 1/Node 2/Node 204
,Node 0/Node 1/Node 2/Node 209
,Node 0/Node 1/Node 2/Node 210
,Node 0/Node 3
,Node 0/Node 3/Node 4
,Node 0/Node 3/Node 4/Node 123
,Node 0/Node 3/Node 4/Node 125
,Node 0/Node 3/Node 4/Node 126
,Node 0/Node 3/Node 4/Node 128
,Node 0/Node 3/Node 4/Node 129
,Node 0/Node 5
,Node 0/Node 5/Node 6
,Node 0/Node 5/Node 6/Node 81
,Node 0/Node 5/Node 6/Node 83
,Node 0/Node 5/Node 6/Node 84
,Node 0/Node 5/Node 6/Node 85
,Node 0/Node 5/Node 6/Node 86
,Node 0/Node 5/Node 6/Node 88
,Node 0/Node 5/Node 6/Node 89
,Node 0/Node 5/Node 6/Node 91
,Node 0/Node 5/Node 42
,Node 0/Node 7
,Node 0/Node 7/Node 8
,Node 0/Node 7/Node 8/Node 43
,Node 0/Node 7/Node 8/Node 51
,Node 0/Node 7/Node 8/Node 54
,Node 0/Node 7/Node 8/Node 58
,Node 0/Node 7/Node 8/Node 60
,Node 0/Node 7/Node 8/Node 62
,Node 0/Node 7/Node 8/Node 64
,Node 0/Node 7/Node 8/Node 66
,Node 0/Node 7/Node 8/Node 68
,Node 0/Node 7/Node 8/Node 75
,Node 0/Node 7/Node 8/Node 77
,Node 0/Node 7/Node 8/Node 93
,Node 0/Node 9
,Node 0/Node 9/Node 10
,Node 0/Node 9/Node 10/Node 113
,Node 0/Node 9/Node 10/Node 114
,Node 0/Node 9/Node 10/Node 115
,Node 0/Node 9/Node 10/Node 131
,Node 0/Node 9/Node 10/Node 144
,Node 0/Node 11
,Node 0/Node 11/Node 12
,Node 0/Node 11/Node 12/Node 184
,Node 0/Node 11/Node 12/Node 189
,Node 0/Node 11/Node 12/Node 195
,Node 0/Node 11/Node 12/Node 206
,Node 0/Node 11/Node 12/Node 207
,Node 0/Node 13
,Node 0/Node 13/Node 14
,Node 0/Node 13/Node 14/Node 99
,Node 0/Node 13/Node 14/Node 101
,Node 0/Node 13/Node 14/Node 103
,Node 0/Node 13/Node 14/Node 104
,Node 0/Node 13/Node 14/Node 105
,Node 0/Node 13/Node 14/Node 107
,Node 0/Node 13/Node 14/Node 109
,Node 0/Node 13/Node 14/Node 111
,Node 0/Node 15
,Node 0/Node 15/Node 16
,Node 0/Node 15/Node 16/Node 191
,Node 0/Node 15/Node 16/Node 192
,Node 0/Node 15/Node 16/Node 194
,Node 0/Node 15/Node 16/Node 197
,Node 0/Node 17
,Node 0/Node 17/Node 18
,Node 0/Node 17/Node 18/Node 198
,Node 0/Node 17/Node 18/Node 199
,Node 0/Node 17/Node 18/Node 200
,Node 0/Node 19
,Node 0/Node 19/Node 20
,Node 0/Node 19/Node 20/Node 167
,Node 0/Node 19/Node 20/Node 169
,Node 0/Node 19/Node 20/Node 171
,Node 0/Node 19/Node 20/Node 173
,Node 0/Node 19/Node 20/Node 176
,Node 0/Node 21
,Node 0/Node 21/Node 22
,Node 0/Node 21/Node 22/Node 97
,Node 0/Node 21/Node 22/Node 117
,Node 0/Node 21/Node 22/Node 119
,Node 0/Node 21/Node 33
,Node 0/Node 23
,Node 0/Node 23/Node 24
,Node 0/Node 25
,Node 0/Node 27
,Node 0/Node 29
,Node 0/Node 31
,Node 0/Node 34
,Node 0/Node 35
,Node 0/Node 37
,Node 0/Node 38
,Node 0/Node 40
,Node 0
,Node 0/Node 1
,Node 0/Node 1/Node 2
,Node 0/Node 1/Node 2/Node 181
,Node 0/Node 1/Node 2/Node 182
,Node 0/Node 1/Node 2/Node 201
,Node 0/Node 1/Node 2/Node 202
,Node 0/Node 1/Node 2/Node 204
,Node 0/Node 1/Node 2/Node 209
,Node 0/Node 1/Node 2/Node 210
,Node 0/Node 3
,Node 0/Node 3/Node 4
,Node 0/Node 3/Node 4/Node 123
,Node 0/Node 3/Node 4/Node 125
,Node 0/Node 3/Node 4/Node 126
,Node 0/Node 3/Node 4/Node 128
,Node 0/Node 3/Node 4/Node 129
,Node 0/Node 5
,Node 0/Node 5/Node 6
,Node 0/Node 5/Node 6/Node 81
,Node 0/Node 5/Node 6/Node 83
,Node 0/Node 5/Node 6/Node 84
,Node 0/Node 5/Node 6/Node 85
,Node 0/Node 5/Node 6/Node 86
,Node 0/Node 5/Node 6/Node 88
,Node 0/Node 5/Node 6/Node 89
,Node 0/Node 5/Node 6/Node 91
,Node 0/Node 5/Node 42
,Node 0/Node 7
,Node 0/Node 7/Node 8
,Node 0/Node 7/Node 8/Node 43
,Node 0/Node 7/Node 8/Node 51
,Node 0/Node 7/Node 8/Node 54
,Node 0/Node 7/Node 8/Node 58
,Node 0/Node 7/Node 8/Node 60
,Node 0/Node 7/Node 8/Node 62
,Node 0/Node 7/Node 8/Node 64
,Node 0/Node 7/Node 8/Node 66
,Node 0/Node 7/Node 8/Node 68
,Node 0/Node 7/Node 8/Node 75
,Node 0/Node 7/Node 8/Node 77
,Node 0/Node 7/Node 8/Node 93
,Node 0/Node 9
,Node 0/Node 9/Node 10
,Node 0/Node 9/Node 10/Node 113
,Node 0/Node 9/Node 10/Node 114
,Node 0/Node 9/Node 10/Node 115
,Node 0/Node 9/Node 10/Node 131
,Node 0/Node 9/Node 10/Node 144
,Node 0/Node 11
,Node 0/Node 11/Node 12
,Node 0/Node 11/Node 12/Node 184
,Node 0/Node 11/Node 12/Node 189
,Node 0/Node 11/Node 12/Node 195
,Node 0/Node 11/Node 12/Node 206
,Node 0/Node 11/Node 12/Node 207
,Node 0/Node 13
,Node 0/Node 13/Node 14
,Node 0/Node 13/Node 14/Node 99
,Node 0/Node 13/Node 14/Node 101
,Node 0/Node 13/Node 14/Node 103
,Node 0/Node 13/Node 14/Node 104
,Node 0/Node 13/Node 14/Node 105
,Node 0/Node 13/Node 14/Node 107
,Node 0/Node 13/Node 14/Node 109
,Node 0/Node 13/Node 14/Node 111
,Node 0/Node 15
,Node 0/Node 15/Node 16
,Node 0/Node 15/Node 16/Node 191
,Node 0/Node 15/Node 16/Node 192
,Node 0/Node 15/Node 16/Node 194
,Node 0/Node 15/Node 16/Node 197
,Node 0/Node 17
,Node 0/Node 17/Node 18
,Node 0/Node 17/Node 18/Node 198
,Node 0/Node 17/Node 18/Node 199
,Node 0/Node 17/Node 18/Node 200
,Node 0/Node 19
,Node 0/Node 19/Node 20
,Node 0/Node 19/Node 20/Node 167
,Node 0/Node 19/Node 20/Node 169
,Node 0/Node 19/Node 20/Node 171
,Node 0/Node 19/Node 20/Node 173
,Node 0/Node 19/Node 20/Node 176
,Node 0/Node 21
,Node 0/Node 21/Node 22
,Node 0/Node 21/Node 22/Node 97
,Node 0/Node 21/Node 22/Node 117
,Node 0/Node 21/Node 22/Node 119
,Node 0/Node 21/Node 33
,Node 0/Node 23
,Node 0/Node 23/Node 24
,Node 0/Node 25
,Node 0/Node 27
,Node 0/Node 29
,Node 0/Node 31
,Node 0/Node 34
,Node 0/Node 35
,Node 0/Node 37
,Node 0/Node 38
,Node 0/Node 40
,Node 0
,Node 0/Node 1
,Node 0/Node 1/Node 2
,Node 0/Node 1/Node 2/Node 181
,Node 0/Node 1/Node 2/Node 182
,Node 0/Node 1/Node 2/Node 201
,Node 0/Node 1/Node 2/Node 202
,Node 0/Node 1/Node 2/Node 204
,Node 0/Node 1/Node 2/Node 209
,Node 0/Node 1/Node 2/Node 210
,Node 0/Node 3
,Node 0/Node 3/Node 4
,Node 0/Node 3/Node 4/Node 123
,Node 0/Node 3/Node 4/Node 125
,Node 0/Node 3/Node 4/Node 126
,Node 0/Node 3/Node 4/Node 128
,Node 0/Node 3/Node 4/Node 129
,Node 0/Node 5
,Node 0/Node 5/Node 6
,Node 0/Node 5/Node 6/Node 81
,Node 0/Node 5/Node 6/Node 83
,Node 0/Node 5/Node 6/Node 84
,Node 0/Node 5/Node 6/Node 85
,Node 0/Node 5/Node 6/Node 86
,Node 0/Node 5/Node 6/Node 88
,Node 0/Node 5/Node 6/Node 89
,Node 0/Node 5/Node 6/Node 91
,Node 0/Node 5/Node 42
,Node 0/Node 7
,Node 0/Node 7/Node 8
,Node 0/Node 7/Node 8/Node 43
,Node 0/Node 7/Node 8/Node 51
,Node 0/Node 7/Node 8/Node 54
,Node 0/Node 7/Node 8/Node 58
,Node 0/Node 7/Node 8/Node 60
,Node 0/Node 7/Node 8/Node 62
,Node 0/Node 7/Node 8/Node 64
,Node 0/Node 7/Node 8/Node 66
,Node 0/Node 7/Node 8/Node 68
,Node 0/Node 7/Node 8/Node 75
,Node 0/Node 7/Node 8/Node 77
,Node 0/Node 7/Node 8/Node 93
,Node 0/Node 9
,Node 0/Node 9/Node 10
,Node 0/Node 9/Node 10/Node 113
,Node 0/Node 9/Node 10/Node 114
,Node 0/Node 9/Node 10/Node 115
,Node 0/Node 9/Node 10/Node 131
,Node 0/Node 9/Node 10/Node 144
,Node 0/Node 11
,Node 0/Node 11/Node 12
,Node 0/Node 11/Node 12/Node 184
,Node 0/Node 11/Node 12/Node 189
,Node 0/Node 11/Node 12/Node 195
,Node 0/Node 11/Node 12/Node 206
,Node 0/Node 11/Node 12/Node 207
,Node 0/Node 13
,Node 0/Node 13/Node 14
,Node 0/Node 13/Node 14/Node 99
,Node 0/Node 13/Node 14/Node 101
,Node 0/Node 13/Node 14/Node 103
,Node 0/Node 13/Node 14/Node 104
,Node 0/Node 13/Node 14/Node 105
,Node 0/Node 13/Node 14/Node 107
,Node 0/Node 13/Node 14/Node 109
,Node 0/Node 13/Node 14/Node 111
,Node 0/Node 15
,Node 0/Node 15/Node 16
,Node 0/Node 15/Node 16/Node 191
,Node 0/Node 15/Node 16/Node 192
,Node 0/Node 15/Node 16/Node 194
,Node 0/Node 15/Node 16/Node 197
,Node 0/Node 17
,Node 0/Node 17/Node 18
,Node 0/Node 17/Node 18/Node 198
,Node 0/Node 17/Node 18/Node 199
,Node 0/Node 17/Node 18/Node 200
,Node 0/Node 19
,Node 0/Node 19/Node 20
,Node 0/Node 19/Node 20/Node 167
,Node 0/Node 19/Node 20/Node 169
,Node 0/Node 19/Node 20/Node 171
,Node 0/Node 19/Node 20/Node 173
,Node 0/Node 19/Node 20/Node 176
,Node 0/Node 21
,Node 0/Node 21/Node 22
,Node 0/Node 21/Node 22/Node 97
,Node 0/Node 21/Node 22/Node 117
,Node 0/Node 21/Node 22/Node 119
,Node 0/Node 21/Node 33
,Node 0/Node 23
,Node 0/Node 23/Node 24
,Node 0/Node 25
,Node 0/Node 27
,Node 0/Node 29
,Node 0/Node 31
,Node 0/Node 34
,Node 0/Node 35
,Node 0/Node 37
,Node 0/Node 38
,Node 0/Node 40
,Node 0
,Node 0/Node 1
,Node 0/Node 1/Node 2
,Node 0/Node 1/Node 2/Node 181
,Node 0/Node 1/Node 2/Node 182
,Node 0/Node 1/Node 2/Node 201
,Node 0/Node 1/Node 2/Node 202
,Node 0/Node 1/Node 2/Node 204
,Node 0/Node 1/Node 2/Node 209
,Node 0/Node 1/Node 2/Node 210
,Node 0/Node 3
,Node 0/Node 3/Node 4
,Node 0/Node 3/Node 4/Node 123
,Node 0/Node 3/Node 4/Node 125
,Node 0/Node 3/Node 4/Node 126
,Node 0/Node 3/Node 4/Node 128
,Node 0/Node 3/Node 4/Node 129
,Node 0/Node 5
,Node 0/Node 5/Node 6
,Node 0/Node 5/Node 6/Node 81
,Node 0/Node 5/Node 6/Node 83
,Node 0/Node 5/Node 6/Node 84
,Node 0/Node 5/Node 6/Node 85
,Node 0/Node 5/Node 6/Node 86
,Node 0/Node 5/Node 6/Node 88
,Node 0/Node 5/Node 6/Node 89
,Node 0/Node 5/Node 6/Node 91
,Node 0/Node 5/Node 42
,Node 0/Node 7
,Node 0/Node 7/Node 8
,Node 0/Node 7/Node 8/Node 43
,Node 0/Node 7/Node 8/Node 51
,Node 0/Node 7/Node 8/Node 54
,Node 0/Node 7/Node 8/Node 58
,Node 0/Node 7/Node 8/Node 60
,Node 0/Node 7/Node 8/Node 62
,Node 0/Node 7/Node 8/Node 64
,Node 0/Node 7/Node 8/Node 66
,Node 0/Node 7/Node 8/Node 68
,Node 0/Node 7/Node 8/Node 75
,Node 0/Node 7/Node 8/Node 77
,Node 0/Node 7/Node 8/Node 93
,Node 0/Node 9
,Node 0/Node 9/Node 10
,Node 0/Node 9/Node 10/Node 113
,Node 0/Node 9/Node 10/Node 114
,Node 0/Node 9/Node 10/Node 115
,Node 0/Node 9/Node 10/Node 131
,Node 0/Node 9/Node 10/Node 144
,Node 0/Node 11
,Node 0/Node 11/Node 12
,Node 0/Node 11/Node 12/Node 184
,Node 0/Node 11/Node 12/Node 189
,Node 0/Node 11/Node 12/Node 195
,Node 0/Node 11/Node 12/Node 206
,Node 0/Node 11/Node 12/Node 207
,Node 0/Node 13
,Node 0/Node 13/Node 14
,Node 0/Node 13/Node 14/Node 99
,Node 0/Node 13/Node 14/Node 101
,Node 0/Node 13/Node 14/Node 103
,Node 0/Node 13/Node 14/Node 104
,Node 0/Node 13/Node 14/Node 105
,Node 0/Node 13/Node 14/Node 107
,Node 0/Node 13/Node 14/Node 109
,Node 0/Node 13/Node 14/Node 111
,Node 0/Node 15
,Node 0/Node 15/Node 16
,Node 0/Node 15/Node 16/Node 191
,Node 0/Node 15/Node 16/Node 192
,Node 0/Node 15/Node 16/Node 194
,Node 0/Node 15/Node 16/Node 197
,Node 0/Node 17
,Node 0/Node 17/Node 18
,Node 0/Node 17/Node 18/Node 198
,Node 0/Node 17/Node 18/Node 199
,Node 0/Node 17/Node 18/Node 200
,Node 0/Node 19
,Node 0/Node 19/Node 20
,Node 0/Node 19/Node 20/Node 167
,Node 0/Node 19/Node 20/Node 169
,Node 0/Node 19/Node 20/Node 171
,Node 0/Node 19/Node 20/Node 173
,Node 0/Node 19/Node 20/Node 176
,Node 0/Node 21
,Node 0/Node 21/Node 22
,Node 0/Node 21/Node 22/Node 97
,Node 0/Node 21/Node 22/Node 117
,Node 0/Node 21/Node 22/Node 119
,Node 0/Node 21/Node 33
,Node 0/Node 23
,Node 0/Node 23/Node 24
,Node 0/Node 25
,Node 0/Node 27
,Node 0/Node 29
,Node 0/Node 31
,Node 0/Node 34
,Node 0/Node 35
,Node 0/Node 37
,Node 0/Node 38
,Node 0/Node 40
,Node 0
,Node 0/Node 1
,Node 0/Node 1/Node 2
,Node 0/Node 1/Node 2/Node 181
,Node 0/Node 1/Node 2/Node 182
,Node 0/Node 1/Node 2/Node 201
,Node 0/Node 1/Node 2/Node 202
,Node 0/Node 1/Node 2/Node 204
,Node 0/Node 1/Node 2/Node 209
,Node 0/Node 1/Node 2/Node 210
,Node 0/Node 3
,Node 0/Node 3/Node 4
,Node 0/Node 3/Node 4/Node 123
,Node 0/Node 3/Node 4/Node 125
,Node 0/Node 3/Node 4/Node 126
,Node 0/Node 3/Node 4/Node 128
,Node 0/Node 3/Node 4/Node 129
,Node 0/Node 5
,Node 0/Node 5/Node 6
,Node 0/Node 5/Node 6/Node 81
,Node 0/Node 5/Node 6/Node 83
,Node 0/Node 5/Node 6/Node 84
,Node 0/Node 5/Node 6/Node 85
,Node 0/Node 5/Node 6/Node 86
,Node 0/Node 5/Node 6/Node 88
,Node 0/Node 5/Node 6/Node 89
,Node 0/Node 5/Node 6/Node 91
,Node 0/Node 5/Node 42
,Node 0/Node 7
,Node 0/Node 7/Node 8
,Node 0/Node 7/Node 8/Node 43
,Node 0/Node 7/Node 8/Node 51
,Node 0/Node 7/Node 8/Node 54
,Node 0/Node 7/Node 8/Node 58
,Node 0/Node 7/Node 8/Node 60
,Node 0/Node 7/Node 8/Node 62
,Node 0/Node 7/Node 8/Node 64
,Node 0/Node 7/Node 8/Node 66
,Node 0/Node 7/Node 8/Node 68
,Node 0/Node 7/Node 8/Node 75
,Node 0/Node 7/Node 8/Node 77
,Node 0/Node 7/Node 8/Node 93
,Node 0/Node 9
,Node 0/Node 9/Node 10
,Node 0/Node 9/Node 10/Node 113
,Node 0/Node 9/Node 10/Node 114
,Node 0/Node 9/Node 10/Node 115
,Node 0/Node 9/Node 10/Node 131
,Node 0/Node 9/Node 10/Node 144
,Node 0/Node 11
,Node 0/Node 11/Node 12
,Node 0/Node 11/Node 12/Node 184
,Node 0/Node 11/Node 12/Node 189
,Node 0/Node 11/Node 12/Node 195
,Node 0/Node 11/Node 12/Node 206
,Node 0/Node 11/Node 12/Node 207
,Node 0/Node 13
,Node 0/Node 13/Node 14
,Node 0/Node 13/Node 14/Node 99
,Node 0/Node 13/Node 14/Node 101
,Node 0/Node 13/Node 14/Node 103
,Node 0/Node 13/Node 14/Node 104
,Node 0/Node 13/Node 14/Node 105
,Node 0/Node 13/Node 14/Node 107
,Node 0/Node 13/Node 14/Node 109
,Node 0/Node 13/Node 14/Node 111
,Node 0/Node 15
,Node 0/Node 15/Node 16
,Node 0/Node 15/Node 16/Node 191
,Node 0/Node 15/Node 16/Node 192
,Node 0/Node 15/Node 16/Node 194
,Node 0/Node 15/Node 16/Node 197
,Node 0/Node 17
,Node 0/Node 17/Node 18
,Node 0/Node 17/Node 18/Node 198
,Node 0/Node 17/Node 18/Node 199
,Node 0/Node 17/Node 18/Node 200
,Node 0/Node 19
,Node 0/Node 19/Node 20
,Node 0/Node 19/Node 20/Node 167
,Node 0/Node 19/Node 20/Node 169
,Node 0/Node 19/Node 20/Node 171
,Node 0/Node 19/Node 20/Node 173
,Node 0/Node 19/Node 20/Node 176
,Node 0/Node 21
,Node 0/Node 21/Node 22
,Node 0/Node 21/Node 22/Node 97
,Node 0/Node 21/Node 22/Node 117
,Node 0/Node 21/Node 22/Node 119
,Node 0/Node 21/Node 33
,Node 0/Node 23
,Node 0/Node 23/Node 24
,Node 0/Node 25
,Node 0/Node 27
,Node 0/Node 29
,Node 0/Node 31
,Node 0/Node 34
,Node 0/Node 35
,Node 0/Node 37
,Node 0/Node 38
,Node 0/Node 40
,Node 0
,Node 0/Node 1
,Node 0/Node 1/Node 2
,Node 0/Node 1/Node 2/Node 181
,Node 0/Node 1/Node 2/Node 182
,Node 0/Node 1/Node 2/Node 201
,Node 0/Node 1/Node 2/Node 202
,Node 0/Node 1/Node 2/Node 204
,Node 0/Node 1/Node 2/Node 209
,Node 0/Node 1/Node 2/Node 210
,Node 0/Node 3
,Node 0/Node 3/Node 4
,Node 0/Node 3/Node 4/Node 123
,Node 0/Node 3/Node 4/Node 125
,Node 0/Node 3/Node 4/Node 126
,Node 0/Node 3/Node 4/Node 128
,Node 0/Node 3/Node 4/Node 129
,Node 0/Node 5
,Node 0/Node 5/Node 6
,Node 0/Node 5/Node 6/Node 81
,Node 0/Node 5/Node 6/Node 83
,Node 0/Node 5/Node 6/Node 84
,Node 0/Node 5/Node 6/Node 85
,Node 0/Node 5/Node 6/Node 86
,Node 0/Node 5/Node 6/Node 88
,Node 0/Node 5/Node 6/Node 89
,Node 0/Node 5/Node 6/Node 91
,Node 0/Node 5/Node 42
,Node 0/Node 7
,Node 0/Node 7/Node 8
,Node 0/Node 7/Node 8/Node 43
,Node 0/Node 7/Node 8/Node 51
,Node 0/Node 7/Node 8/Node 54
,Node 0/Node 7/Node 8/Node 58
,Node 0/Node 7/Node 8/Node 60
,Node 0/Node 7/Node 8/Node 62
,Node 0/Node 7/Node 8/Node 64
,Node 0/Node 7/Node 8/Node 66
,Node 0/Node 7/Node 8/Node 68
,Node 0/Node 7/Node 8/Node 75
,Node 0/Node 7/Node 8/Node 77
,Node 0/Node 7/Node 8/Node 93
,Node 0/Node 9
,Node 0/Node 9/Node 10
,Node 0/Node 9/Node 10/Node 113
,Node 0/Node 9/Node 10/Node 114
,Node 0/Node 9/Node 10/Node 115
,Node 0/Node 9/Node 10/Node 131
,Node 0/Node 9/Node 10/Node 144
,Node 0/Node 11
,Node 0/Node 11/Node 12
,Node 0/Node 11/Node 12/Node 184
,Node 0/Node 11/Node 12/Node 189
,Node 0/Node 11/Node 12/Node 195
,Node 0/Node 11/Node 12/Node 206
,Node 0/Node 11/Node 12/Node 207
,Node 0/Node 13
,Node 0/Node 13/Node 14
,Node 0/Node 13/Node 14/Node 99
,Node 0/Node 13/Node 14/Node 101
,Node 0/Node 13/Node 14/Node 103
,Node 0/Node 13/Node 14/Node 104
,Node 0/Node 13/Node 14/Node 105
,Node 0/Node 13/Node 14/Node 107
,Node 0/Node 13/Node 14/Node 109
,Node 0/Node 13/Node 14/Node 111
,Node 0/Node 15
,Node 0/Node 15/Node 16
,Node 0/Node 15/Node 16/Node 191
,Node 0/Node 15/Node 16/Node 192
,Node 0/Node 15/Node 16/Node 194
,Node 0/Node 15/Node 16/Node 197
,Node 0/Node 17
,Node 0/Node 17/Node 18
,Node 0/Node 17/Node 18/Node 198
,Node 0/Node 17/Node 18/Node 199
,Node 0/Node 17/Node 18/Node 200
,Node 0/Node 19
,Node 0/Node 19/Node 20
,Node 0/Node 19/Node 20/Node 167
,Node 0/Node 19/Node 20/Node 169
,Node 0/Node 19/Node 20/Node 171
,Node 0/Node 19/Node 20/Node 173
,Node 0/Node 19/Node 20/Node 176
,Node 0/Node 21
,Node 0/Node 21/Node 22
,Node 0/Node 21/Node 22/Node 97
,Node 0/Node 21/Node 22/Node 117
,Node 0/Node 21/Node 22/Node 119
,Node 0/Node 21/Node 33
,Node 0/Node 23
,Node 0/Node 23/Node 24
,Node 0/Node 25
,Node 0/Node 27
,Node 0/Node 29
,Node 0/Node 31
,Node 0/Node 34
,Node 0/Node 35
,Node 0/Node 37
,Node 0/Node 38
,Node 0/Node 40
,Node 0
,Node 0/Node 1
,Node 0/Node 1/Node 2
,Node 0/Node 1/Node 2/Node 181
,Node 0/Node 1/Node 2/Node 182
,Node 0/Node 1/Node 2/Node 201
,Node 0/Node 1/Node 2/Node 202
,Node 0/Node 1/Node 2/Node 204
,Node 0/Node 1/Node 2/Node 209
,Node 0/Node 1/Node 2/Node 210
,Node 0/Node 3
,Node 0/Node 3/Node 4
,Node 0/Node 3/Node 4/Node 123
,Node 0/Node 3/Node 4/Node 125
,Node 0/Node 3/Node 4/Node 126
,Node 0/Node 3/Node 4/Node 128
,Node 0/Node 3/Node 4/Node 129
,Node 0/Node 5
,Node 0/Node 5/Node 6
,Node 0/Node 5/Node 6/Node 81
,Node 0/Node 5/Node 6/Node 83
,Node 0/Node 5/Node 6/Node 84
,Node 0/Node 5/Node 6/Node 85
,Node 0/Node 5/Node 6/Node 86
,Node 0/Node 5/Node 6/Node 88
,Node 0/Node 5/Node 6/Node 89
,Node 0/Node 5/Node 6/Node 91
,Node 0/Node 5/Node 42
,Node 0/Node 7
,Node 0/Node 7/Node 8
,Node 0/Node 7/Node 8/Node 43
,Node 0/Node 7/Node 8/Node 51
,Node 0/Node 7/Node 8/Node 54
,Node 0/Node 7/Node 8/Node 58
,Node 0/Node 7/Node 8/Node 60
,Node 0/Node 7/Node 8/Node 62
,Node 0/Node 7/Node 8/Node 64
,Node 0/Node 7/Node 8/Node 66
,Node 0/Node 7/Node 8/Node 68
,Node 0/Node 7/Node 8/Node 75
,Node 0/Node 7/Node 8/Node 77
,Node 0/Node 7/Node 8/Node 93
,Node 0/Node 9
,Node 0/Node 9/Node 10
,Node 0/Node 9/Node 10/Node 113
,Node 0/Node 9/Node 10/Node 114
,Node 0/Node 9/Node 10/Node 115
,Node 0/Node 9/Node 10/Node 131
,Node 0/Node 9/Node 10/Node 144
,Node 0/Node 11
,Node 0/Node 11/Node 12
,Node 0/Node 11/Node 12/Node 184
,Node 0/Node 11/Node 12/Node 189
,Node 0/Node 11/Node 12/Node 195
,Node 0/Node 11/Node 12/Node 206
,Node 0/Node 11/Node 12/Node 207
,Node 0/Node 13
,Node 0/Node 13/Node 14
,Node 0/Node 13/Node 14/Node 99
,Node 0/Node 13/Node 14/Node 101
,Node 0/Node 13/Node 14/Node 103
,Node 0/Node 13/Node 14/Node 104
,Node 0/Node 13/Node 14/Node 105
,Node 0/Node 13/Node 14/Node 107
,Node 0/Node 13/Node 14/Node 109
,Node 0/Node 13/Node 14/Node 111
,Node 0/Node 15
,Node 0/Node 15/Node 16
,Node 0/Node 15/Node 16/Node 191
,Node 0/Node 15/Node 16/Node 192
,Node 0/Node 15/Node 16/Node 194
,Node 0/Node 15/Node 16/Node 197
,Node 0/Node 17
,Node 0/Node 17/Node 18
,Node 0/Node 17/Node 18/Node 198
,Node 0/Node 17/Node 18/Node 199
,Node 0/Node 17/Node 18/Node 200
,Node 0/Node 19
,Node 0/Node 19/Node 20
,Node 0/Node 19/Node 20/Node 167
,Node 0/Node 19/Node 20/Node 169
,Node 0/Node 19/Node 20/Node 171
,Node 0/Node 19/Node 20/Node 173
,Node 0/Node 19/Node 20/Node 176
,Node 0/Node 21
,Node 0/Node 21/Node 22
,Node 0/Node 21/Node 22/Node 97
,Node 0/Node 21/Node 22/Node 117
,Node 0/Node 21/Node 22/Node 119
,Node 0/Node 21/Node 33
,Node 0/Node 23
,Node 0/Node 23/Node 24
,Node 0/Node 25
,Node 0/Node 27
,Node 0/Node 29
,Node 0/Node 31
,Node 0/Node 34
,Node 0/Node 35
,Node 0/Node 37
,Node 0/Node 38
,Node 0/Node 40
,Node 0
,Node 0/Node 1
,Node 0/Node 1/Node 2
,Node 0/Node 1/Node 2/Node 181
,Node 0/Node 1/Node 2/Node 182
,Node 0/Node 1/Node 2/Node 201
,Node 0/Node 1/Node 2/Node 202
,Node 0/Node 1/Node 2/Node 204
,Node 0/Node 1/Node 2/Node 209
,Node 0/Node 1/Node 2/Node 210
,Node 0/Node 3
,Node 0/Node 3/Node 4
,Node 0/Node 3/Node 4/Node 123
,Node 0/Node 3/Node 4/Node 125
,Node 0/Node 3/Node 4/Node 126
,Node 0/Node 3/Node 4/Node 128
,Node 0/Node 3/Node 4/Node 129
,Node 0/Node 5
,Node 0/Node 5/Node 6
,Node 0/Node 5/Node 6/Node 81
,Node 0/Node 5/Node 6/Node 83
,Node 0/Node 5/Node 6/Node 84
,Node 0/Node 5/Node 6/Node 85
,Node 0/Node 5/Node 6/Node 86
,Node 0/Node 5/Node 6/Node 88
,Node 0/Node 5/Node 6/Node 89
,Node 0/Node 5/Node 6/Node 91
,Node 0/Node 5/Node 42
,Node 0/Node 7
,Node 0/Node 7/Node 8
,Node 0/Node 7/Node 8/Node 43
,Node 0/Node 7/Node 8/Node 51
,Node 0/Node 7/Node 8/Node 54
,Node 0/Node 7/Node 8/Node 58
,Node 0/Node 7/Node 8/Node 60
,Node 0/Node 7/Node 8/Node 62
,Node 0/Node 7/Node 8/Node 64
,Node 0/Node 7/Node 8/Node 66
,Node 0/Node 7/Node 8/Node 68
,Node 0/Node 7/Node 8/Node 75
,Node 0/Node 7/Node 8/Node 77
,Node 0/Node 7/Node 8/Node 93
,Node 0/Node 9
,Node 0/Node 9/Node 10
,Node 0/Node 9/Node 10/Node 113
,Node 0/Node 9/Node 10/Node 114
,Node 0/Node 9/Node 10/Node 115
,Node 0/Node 9/Node 10/Node 131
,Node 0/Node 9/Node 10/Node 144
,Node 0/Node 11
,Node 0/Node 11/Node 12
,Node 0/Node 11/Node 12/Node 184
,Node 0/Node 11/Node 12/Node 189
,Node 0/Node 11/Node 12/Node 195
,Node 0/Node 11/Node 12/Node 206
,Node 0/Node 11/Node 12/Node 207
,Node 0/Node 13
,Node 0/Node 13/Node 14
,Node 0/Node 13/Node 14/Node 99
,Node 0/Node 13/Node 14/Node 101
,Node 0/Node 13/Node 14/Node 103
,Node 0/Node 13/Node 14/Node 104
,Node 0/Node 13/Node 14/Node 105
,Node 0/Node 13/Node 14/Node 107
,Node 0/Node 13/Node 14/Node 109
,Node 0/Node 13/Node 14/Node 111
,Node 0/Node 15
,Node 0/Node 15/Node 16
,Node 0/Node 15/Node 16/Node 191
,Node 0/Node 15/Node 16/Node 192
,Node 0/Node 15/Node 16/Node 194
,Node 0/Node 15/Node 16/Node 197
,Node 0/Node 17
,Node 0/Node 17/Node 18
,Node 0/Node 17/Node 18/Node 198
,Node 0/Node 17/Node 18/Node 199
,Node 0/Node 17/Node 18/Node 200
,Node 0/Node 19
,Node 0/Node 19/Node 20
,Node 0/Node 19/Node 20/Node 167
,Node 0/Node 19/Node 20/Node 169
,Node 0/Node 19/Node 20/Node 171
,Node 0/Node 19/Node 20/Node 173
,Node 0/Node 19/Node 20/Node 176
,Node 0/Node 21
,Node 0/Node 21/Node 22
,Node 0/Node 21/Node 22/Node 97
,Node 0/Node 21/Node 22/Node 117
,Node 0/Node 21/Node 22/Node 119
,Node 0/Node 21/Node 33
,Node 0/Node 23
,Node 0/Node 23/Node 24
,Node 0/Node 25
,Node 0/Node 27
,Node 0/Node 29
,Node 0/Node 31
,Node 0/Node 34
,Node 0/Node 35
,Node 0/Node 37
,Node 0/Node 38
,Node 0/Node 40
,Node 0
,Node 0/Node 1
,Node 0/Node 1/Node 2
,Node 0/Node 1/Node 2/Node 181
,Node 0/Node 1/Node 2/Node 182
,Node 0/Node 1/Node 2/Node 201
,Node 0/Node 1/Node 2/Node 202
,Node 0/Node 1/Node 2/Node 204
,Node 0/Node 1/Node 2/Node 209
,Node 0/Node 1/Node 2/Node 210
,Node 0/Node 3
,Node 0/Node 3/Node 4
,Node 0/Node 3/Node 4/Node 123
,Node 0/Node 3/Node 4/Node 125
,Node 0/Node 3/Node 4/Node 126
,Node 0/Node 3/Node 4/Node 128
,Node 0/Node 3/Node 4/Node 129
,Node 0/Node 5
,Node 0/Node 5/Node 6
,Node 0/Node 5/Node 6/Node 81
,Node 0/Node 5/Node 6/Node 83
,Node 0/Node 5/Node 6/Node 84
,Node 0/Node 5/Node 6/Node 85
,Node 0/Node 5/Node 6/Node 86
,Node 0/Node 5/Node 6/Node 88
,Node 0/Node 5/Node 6/Node 89
,Node 0/Node 5/Node 6/Node 91
,Node 0/Node 5/Node 42
,Node 0/Node 7
,Node 0/Node 7/Node 8
,Node 0/Node 7/Node 8/Node 43
,Node 0/Node 7/Node 8/Node 51
,Node 0/Node 7/Node 8/Node 54
,Node 0/Node 7/Node 8/Node 58
,Node 0/Node 7/Node 8/Node 60
,Node 0/Node 7/Node 8/Node 62
,Node 0/Node 7/Node 8/Node 64
,Node 0/Node 7/Node 8/Node 66
,Node 0/Node 7/Node 8/Node 68
,Node 0/Node 7/Node 8/Node 75
,Node 0/Node 7/Node 8/Node 77
,Node 0/Node 7/Node 8/Node 93
,Node 0/Node 9
,Node 0/Node 9/Node 10
,Node 0/Node 9/Node 10/Node 113
,Node 0/Node 9/Node 10/Node 114
,Node 0/Node 9/Node 10/Node 115
,Node 0/Node 9/Node 10/Node 131
,Node 0/Node 9/Node 10/Node 144
,Node 0/Node 11
,Node 0/Node 11/Node 12
,Node 0/Node 11/Node 12/Node 184
,Node 0/Node 11/Node 12/Node 189
,Node 0/Node 11/Node 12/Node 195
,Node 0/Node 11/Node 12/Node 206
,Node 0/Node 11/Node 12/Node 207
,Node 0/Node 13
,Node 0/Node 13/Node 14
,Node 0/Node 13/Node 14/Node 99
,Node 0/Node 13/Node 14/Node 101
,Node 0/Node 13/Node 14/Node 103
,Node 0/Node 13/Node 14/Node 104
,Node 0/Node 13/Node 14/Node 105
,Node 0/Node 13/Node 14/Node 107
,Node 0/Node 13/Node 14/Node 109
,Node 0/Node 13/Node 14/Node 111
,Node 0/Node 15
,Node 0/Node 15/Node 16
,Node 0/Node 15/Node 16/Node 191
,Node 0/Node 15/Node 16/Node 192
,Node 0/Node 15/Node 16/Node 194
,Node 0/Node 15/Node 16/Node 197
,Node 0/Node 17
,Node 0/Node 17/Node 18
,Node 0/Node 17/Node 18/Node 198
,Node 0/Node 17/Node 18/Node 199
,Node 0/Node 17/Node 18/Node 200
,Node 0/Node 19
,Node 0/Node 19/Node 20
,Node 0/Node 19/Node 20/Node 167
,Node 0/Node 19/Node 20/Node 169
,Node 0/Node 19/Node 20/Node 171
,Node 0/Node 19/Node 20/Node 173
,Node 0/Node 19/Node 20/Node 176
,Node 0/Node 21
,Node 0/Node 21/Node 22
,Node 0/Node 21/Node 22/Node 97
,Node 0/Node 21/Node 22/Node 117
,Node 0/Node 21/Node 22/Node 119
,Node 0/Node 21/Node 33
,Node 0/Node 23
,Node 0/Node 23/Node 24
,Node 0/Node 25
,Node 0/Node 27
,Node 0/Node 29
,Node 0/Node 31
,Node 0/Node 34
,Node 0/Node 35
,Node 0/Node 37
,Node 0/Node 38
,Node 0/Node 40
,Node 0
,Node 0/Node 1
,Node 0/Node 1/Node 2
,Node 0/Node 1/Node 2/Node 181
,Node 0/Node 1/Node 2/Node 182
,Node 0/Node 1/Node 2/Node 201
,Node 0/Node 1/Node 2/Node 202
,Node 0/Node 1/Node 2/Node 204
,Node 0/Node 1/Node 2/Node 209
,Node 0/Node 1/Node 2/Node 210
,Node 0/Node 3
,Node 0/Node 3/Node 4
,Node 0/Node 3/Node 4/Node 123
,Node 0/Node 3/Node 4/Node 125
,Node 0/Node 3/Node 4/Node 126
,Node 0/Node 3/Node 4/Node 128
,Node 0/Node 3/Node 4/Node 129
,Node 0/Node 5
,Node 0/Node 5/Node 6
,Node 0/Node 5/Node 6/Node 81
,Node 0/Node 5/Node 6/Node 83
,Node 0/Node 5/Node 6/Node 84
,Node 0/Node 5/Node 6/Node 85
,Node 0/Node 5/Node 6/Node 86
,Node 0/Node 5/Node 6/Node 88
,Node 0/Node 5/Node 6/Node 89
,Node 0/Node 5/Node 6/Node 91
,Node 0/Node 5/Node 42
,Node 0/Node 7
,Node 0/Node 7/Node 8
,Node 0/Node 7/Node 8/Node 43
,Node 0/Node 7/Node 8/Node 51
,Node 0/Node 7/Node 8/Node 54
,Node 0/Node 7/Node 8/Node 58
,Node 0/Node 7/Node 8/Node 60
,Node 0/Node 7/Node 8/Node 62
,Node 0/Node 7/Node 8/Node 64
,Node 0/Node 7/Node 8/Node 66
,Node 0/Node 7/Node 8/Node 68
,Node 0/Node 7/Node 8/Node 75
,Node 0/Node 7/Node 8/Node 77
,Node 0/Node 7/Node 8/Node 93
,Node 0/Node 9
,Node 0/Node 9/Node 10
,Node 0/Node 9/Node 10/Node 113
,Node 0/Node 9/Node 10/Node 114
,Node 0/Node 9/Node 10/Node 115
,Node 0/Node 9/Node 10/Node 131
,Node 0/Node 9/Node 10/Node 144
,Node 0/Node 11
,Node 0/Node 11/Node 12
,Node 0/Node 11/Node 12/Node 184
,Node 0/Node 11/Node 12/Node 189
,Node 0/Node 11/Node 12/Node 195
,Node 0/Node 11/Node 12/Node 206
,Node 0/Node 11/Node 12/Node 207
,Node 0/Node 13
,Node 0/Node 13/Node 14
,Node 0/Node 13/Node 14/Node 99
,Node 0/Node 13/Node 14/Node 101
,Node 0/Node 13/Node 14/Node 103
,Node 0/Node 13/Node 14/Node 104
,Node 0/Node 13/Node 14/Node 105
,Node 0/Node 13/Node 14/Node 107
,Node 0/Node 13/Node 14/Node 109
,Node 0/Node 13/Node 14/Node 111
,Node 0/Node 15
,Node 0/Node 15/Node 16
,Node 0/Node 15/Node 16/Node 191
,Node 0/Node 15/Node 16/Node 192
,Node 0/Node 15/Node 16/Node 194
,Node 0/Node 15/Node 16/Node 197
,Node 0/Node 17
,Node 0/Node 17/Node 18
,Node 0/Node 17/Node 18/Node 198
,Node 0/Node 17/Node 18/Node 199
,Node 0/Node 17/Node 18/Node 200
,Node 0/Node 19
,Node 0/Node 19/Node 20
,Node 0/Node 19/Node 20/Node 167
,Node 0/Node 19/Node 20/Node 169
,Node 0/Node 19/Node 20/Node 171
,Node 0/Node 19/Node 20/Node 173
,Node 0/Node 19/Node 20/Node 176
,Node 0/Node 21
,Node 0/Node 21/Node 22
,Node 0/Node 21/Node 22/Node 97
,Node 0/Node 21/Node 22/Node 117
,Node 0/Node 21/Node 22/Node 119
,Node 0/Node 21/Node 33
,Node 0/Node 23
,Node 0/Node 23/Node 24
,Node 0/Node 25
,Node 0/Node 27
,Node 0/Node 29
,Node 0/Node 31
,Node 0/Node 34
,Node 0/Node 35
,Node 0/Node 37
,Node 0/Node 38
,Node 0/Node 40
,Node 0
,Node 0/Node 1
,Node 0/Node 1/Node 2
,Node 0/Node 1/Node 2/Node 181
,Node 0/Node 1/Node 2/Node 182
,Node 0/Node 1/Node 2/Node 201
,Node 0/Node 1/Node 2/Node 202
,Node 0/Node 1/Node 2/Node 204
,Node 0/Node 1/Node 2/Node 209
,Node 0/Node 1/Node 2/Node 210
,Node 0/Node 3
,Node 0/Node 3/Node 4
,Node 0/Node 3/Node 4/Node 123
,Node 0/Node 3/Node 4/Node 125
,Node 0/Node 3/Node 4/Node 126
,Node 0/Node 3/Node 4/Node 128
,Node 0/Node 3/Node 4/Node 129
,Node 0/Node 5
,Node 0/Node 5/Node 6
,Node 0/Node 5/Node 6/Node 81
,Node 0/Node 5/Node 6/Node 83
,Node 0/Node 5/Node 6/Node 84
,Node 0/Node 5/Node 6/Node 85
,Node 0/Node 5/Node 6/Node 86
,Node 0/Node 5/Node 6/Node 88
,Node 0/Node 5/Node 6/Node 89
,Node 0/Node 5/Node 6/Node 91
,Node 0/Node 5/Node 42
,Node 0/Node 7
,Node 0/Node 7/Node 8
,Node 0/Node 7/Node 8/Node 43
,Node 0/Node 7/Node 8/Node 51
,Node 0/Node 7/Node 8/Node 54
,Node 0/Node 7/Node 8/Node 58
,Node 0/Node 7/Node 8/Node 60
,Node 0/Node 7/Node 8/Node 62
,Node 0/Node 7/Node 8/Node 64
,Node 0/Node 7/Node 8/Node 66
,Node 0/Node 7/Node 8/Node 68
,Node 0/Node 7/Node 8/Node 75
,Node 0/Node 7/Node 8/Node 77
,Node 0/Node 7/Node 8/Node 93
,Node 0/Node 9
,Node 0/Node 9/Node 10
,Node 0/Node 9/Node 10/Node 113
,Node 0/Node 9/Node 10/Node 114
,Node 0/Node 9/Node 10/Node 115
,Node 0/Node 9/Node 10/Node 131
,Node 0/Node 9/Node 10/Node 144
,Node 0/Node 11
,Node 0/Node 11/Node 12
,Node 0/Node 11/Node 12/Node 184
,Node 0/Node 11/Node 12/Node 189
,Node 0/Node 11/Node 12/Node 195
,Node 0/Node 11/Node 12/Node 206
,Node 0/Node 11/Node 12/Node 207
,Node 0/Node 13
,Node 0/Node 13/Node 14
,Node 0/Node 13/Node 14/Node 99
,Node 0/Node 13/Node 14/Node 101
,Node 0/Node 13/Node 14/Node 103
,Node 0/Node 13/Node 14/Node 104
,Node 0/Node 13/Node 14/Node 105
,Node 0/Node 13/Node 14/Node 107
,Node 0/Node 13/Node 14/Node 109
,Node 0/Node 13/Node 14/Node 111
,Node 0/Node 15
,Node 0/Node 15/Node 16
,Node 0/Node 15/Node 16/Node 191
,Node 0/Node 15/Node 16/Node 192
,Node 0/Node 15/Node 16/Node 194
,Node 0/Node 15/Node 16/Node 197
,Node 0/Node 17
,Node 0/Node 17/Node 18
,Node 0/Node 17/Node 18/Node 198
,Node 0/Node 17/Node 18/Node 199
,Node 0/Node 17/Node 18/Node 200
,Node 0/Node 19
,Node 0/Node 19/Node 20
,Node 0/Node 19/Node 20/Node 167
,Node 0/Node 19/Node 20/Node 169
,Node 0/Node 19/Node 20/Node 171
,Node 0/Node 19/Node 20/Node 173
,Node 0/Node 19/Node 20/Node 176
,Node 0/Node 21
,Node 0/Node 21/Node 22
,Node 0/Node 21/Node 22/Node 97
,Node 0/Node 21/Node 22/Node 117
,Node 0/Node 21/Node 22/Node 119
,Node 0/Node 21/Node 33
,Node 0/Node 23
,Node 0/Node 23/Node 24
,Node 0/Node 25
,Node 0/Node 27
,Node 0/Node 29
,Node 0/Node 31
,Node 0/Node 34
,Node 0/Node 35
,Node 0/Node 37
,Node 0/Node 38
,Node 0/Node 40
,Node 1
,Node 1/Node 2
,Node 1/Node 2/Node 181
,Node 1/Node 2/Node 182
,Node 1/Node 2/Node 201
,Node 1/Node 2/Node 202
,Node 1/Node 2/Node 204
,Node 1/Node 2/Node 209
,Node 1/Node 2/Node 210
,Node 2
,Node 2/Node 181
,Node 2/Node 182
,Node 2/Node 201
,Node 2/Node 202
,Node 2/Node 204
,Node 2/Node 209
,Node 2/Node 210
,Node 2
,Node 2/Node 181
,Node 2/Node 182
,Node 2/Node 201
,Node 2/Node 202
,Node 2/Node 204
,Node 2/Node 209
,Node 2/Node 210
,Node 2
,Node 2/Node 181
,Node 2/Node 182
,Node 2/Node 201
,Node 2/Node 202
,Node 2/Node 204
,Node 2/Node 209
,Node 2/Node 210
,Node 2
,Node 2/Node 181
,Node 2/Node 182
,Node 2/Node 201
,Node 2/Node 202
,Node 2/Node 204
,Node 2/Node 209
,Node 2/Node 210
,Node 2
,Node 2/Node 181
,Node 2/Node 182
,Node 2/Node 201
,Node 2/Node 202
,Node 2/Node 204
,Node 2/Node 209
,Node 2/Node 210
,Node 2
,Node 2/Node 181
,Node 2/Node 182
,Node 2/Node 201
,Node 2/Node 202
,Node 2/Node 204
,Node 2/Node 209
,Node 2/Node 210
,Node 2
,Node 2/Node 181
,Node 2/Node 182
,Node 2/Node 201
,Node 2/Node 202
,Node 2/Node 204
,Node 2/Node 209
,Node 2/Node 210
,Node 3
,Node 3/Node 4
,Node 3/Node 4/Node 123
,Node 3/Node 4/Node 125
,Node 3/Node 4/Node 126
,Node 3/Node 4/Node 128
,Node 3/Node 4/Node 129
,Node 4
,Node 4/Node 123
,Node 4/Node 125
,Node 4/Node 126
,Node 4/Node 128
,Node 4/Node 129
,Node 4
,Node 4/Node 123
,Node 4/Node 125
,Node 4/Node 126
,Node 4/Node 128
,Node 4/Node 129
,Node 4
,Node 4/Node 123
,Node 4/Node 125
,Node 4/Node 126
,Node 4/Node 128
,Node 4/Node 129
,Node 4
,Node 4/Node 123
,Node 4/Node 125
,Node 4/Node 126
,Node 4/Node 128
,Node 4/Node 129
,Node 4
,Node 4/Node 123
,Node 4/Node 125
,Node 4/Node 126
,Node 4/Node 128
,Node 4/Node 129
,Node 5
,Node 5/Node 6
,Node 5/Node 6/Node 81
,Node 5/Node 6/Node 83
,Node 5/Node 6/Node 84
,Node 5/Node 6/Node 85
,Node 5/Node 6/Node 86
,Node 5/Node 6/Node 88
,Node 5/Node 6/Node 89
,Node 5/Node 6/Node 91
,Node 5/Node 42
,Node 5
,Node 5/Node 6
,Node 5/Node 6/Node 81
,Node 5/Node 6/Node 83
,Node 5/Node 6/Node 84
,Node 5/Node 6/Node 85
,Node 5/Node 6/Node 86
,Node 5/Node 6/Node 88
,Node 5/Node 6/Node 89
,Node 5/Node 6/Node 91
,Node 5/Node 42
,Node 6
,Node 6/Node 81
,Node 6/Node 83
,Node 6/Node 84
,Node 6/Node 85
,Node 6/Node 86
,Node 6/Node 88
,Node 6/Node 89
,Node 6/Node 91
,Node 6
,Node 6/Node 81
,Node 6/Node 83
,Node 6/Node 84
,Node 6/Node 85
,Node 6/Node 86
,Node 6/Node 88
,Node 6/Node 89
,Node 6/Node 91
,Node 6
,Node 6/Node 81
,Node 6/Node 83
,Node 6/Node 84
,Node 6/Node 85
,Node 6/Node 86
,Node 6/Node 88
,Node 6/Node 89
,Node 6/Node 91
,Node 6
,Node 6/Node 81
,Node 6/Node 83
,Node 6/Node 84
,Node 6/Node 85
,Node 6/Node 86
,Node 6/Node 88
,Node 6/Node 89
,Node 6/Node 91
,Node 6
,Node 6/Node 81
,Node 6/Node 83
,Node 6/Node 84
,Node 6/Node 85
,Node 6/Node 86
,Node 6/Node 88
,Node 6/Node 89
,Node 6/Node 91
,Node 6
,Node 6/Node 81
,Node 6/Node 83
,Node 6/Node 84
,Node 6/Node 85
,Node 6/Node 86
,Node 6/Node 88
,Node 6/Node 89
,Node 6/Node 91
,Node 6
,Node 6/Node 81
,Node 6/Node 83
,Node 6/Node 84
,Node 6/Node 85
,Node 6/Node 86
,Node 6/Node 88
,Node 6/Node 89
,Node 6/Node 91
,Node 6
,Node 6/Node 81
,Node 6/Node 83
,Node 6/Node 84
,Node 6/Node 85
,Node 6/Node 86
,Node 6/Node 88
,Node 6/Node 89
,Node 6/Node 91
,Node 7
,Node 7/Node 8
,Node 7/Node 8/Node 43
,Node 7/Node 8/Node 51
,Node 7/Node 8/Node 54
,Node 7/Node 8/Node 58
,Node 7/Node 8/Node 60
,Node 7/Node 8/Node 62
,Node 7/Node 8/Node 64
,Node 7/Node 8/Node 66
,Node 7/Node 8/Node 68
,Node 7/Node 8/Node 75
,Node 7/Node 8/Node 77
,Node 7/Node 8/Node 93
,Node 8
,Node 8/Node 43
,Node 8/Node 51
,Node 8/Node 54
,Node 8/Node 58
,Node 8/Node 60
,Node 8/Node 62
,Node 8/Node 64
,Node 8/Node 66
,Node 8/Node 68
,Node 8/Node 75
,Node 8/Node 77
,Node 8/Node 93
,Node 8
,Node 8/Node 43
,Node 8/Node 51
,Node 8/Node 54
,Node 8/Node 58
,Node 8/Node 60
,Node 8/Node 62
,Node 8/Node 64
,Node 8/Node 66
,Node 8/Node 68
,Node 8/Node 75
,Node 8/Node 77
,Node 8/Node 93
,Node 8
,Node 8/Node 43
,Node 8/Node 51
,Node 8/Node 54
,Node 8/Node 58
,Node 8/Node 60
,Node 8/Node 62
,Node 8/Node 64
,Node 8/Node 66
,Node 8/Node 68
,Node 8/Node 75
,Node 8/Node 77
,Node 8/Node 93
,Node 8
,Node 8/Node 43
,Node 8/Node 51
,Node 8/Node 54
,Node 8/Node 58
,Node 8/Node 60
,Node 8/Node 62
,Node 8/Node 64
,Node 8/Node 66
,Node 8/Node 68
,Node 8/Node 75
,Node 8/Node 77
,Node 8/Node 93
,Node 8
,Node 8/Node 43
,Node 8/Node 51
,Node 8/Node 54
,Node 8/Node 58
,Node 8/Node 60
,Node 8/Node 62
,Node 8/Node 64
,Node 8/Node 66
,Node 8/Node 68
,Node 8/Node 75
,Node 8/Node 77
,Node 8/Node 93
,Node 8
,Node 8/Node 43
,Node 8/Node 51
,Node 8/Node 54
,Node 8/Node 58
,Node 8/Node 60
,Node 8/Node 62
,Node 8/Node 64
,Node 8/Node 66
,Node 8/Node 68
,Node 8/Node 75
,Node 8/Node 77
,Node 8/Node 93
,Node 8
,Node 8/Node 43
,Node 8/Node 51
,Node 8/Node 54
,Node 8/Node 58
,Node 8/Node 60
,Node 8/Node 62
,Node 8/Node 64
,Node 8/Node 66
,Node 8/Node 68
,Node 8/Node 75
,Node 8/Node 77
,Node 8/Node 93
,Node 8
,Node 8/Node 43
,Node 8/Node 51
,Node 8/Node 54
,Node 8/Node 58
,Node 8/Node 60
,Node 8/Node 62
,Node 8/Node 64
,Node 8/Node 66
,Node 8/Node 68
,Node 8/Node 75
,Node 8/Node 77
,Node 8/Node 93
,Node 8
,Node 8/Node 43
,Node 8/Node 51
,Node 8/Node 54
,Node 8/Node 58
,Node 8/Node 60
,Node 8/Node 62
,Node 8/Node 64
,Node 8/Node 66
,Node 8/Node 68
,Node 8/Node 75
,Node 8/Node 77
,Node 8/Node 93
,Node 8
,Node 8/Node 43
,Node 8/Node 51
,Node 8/Node 54
,Node 8/Node 58
,Node 8/Node 60
,Node 8/Node 62
,Node 8/Node 64
,Node 8/Node 66
,Node 8/Node 68
,Node 8/Node 75
,Node 8/Node 77
,Node 8/Node 93
,Node 8
,Node 8/Node 43
,Node 8/Node 51
,Node 8/Node 54
,Node 8/Node 58
,Node 8/Node 60
,Node 8/Node 62
,Node 8/Node 64
,Node 8/Node 66
,Node 8/Node 68
,Node 8/Node 75
,Node 8/Node 77
,Node 8/Node 93
,Node 8
,Node 8/Node 43
,Node 8/Node 51
,Node 8/Node 54
,Node 8/Node 58
,Node 8/Node 60
,Node 8/Node 62
,Node 8/Node 64
,Node 8/Node 66
,Node 8/Node 68
,Node 8/Node 75
,Node 8/Node 77
,Node 8/Node 93
,Node 9
,Node 9/Node 10
,Node 9/Node 10/Node 113
,Node 9/Node 10/Node 114
,Node 9/Node 10/Node 115
,Node 9/Node 10/Node 131
,Node 9/Node 10/Node 144
,Node 10
,Node 10/Node 113
,Node 10/Node 114
,Node 10/Node 115
,Node 10/Node 131
,Node 10/Node 144
,Node 10
,Node 10/Node 113
,Node 10/Node 114
,Node 10/Node 115
,Node 10/Node 131
,Node 10/Node 144
,Node 10
,Node 10/Node 113
,Node 10/Node 114
,Node 10/Node 115
,Node 10/Node 131
,Node 10/Node 144
,Node 10
,Node 10/Node 113
,Node 10/Node 114
,Node 10/Node 115
,Node 10/Node 131
,Node 10/Node 144
,Node 10
,Node 10/Node 113
,Node 10/Node 114
,Node 10/Node 115
,Node 10/Node 131
,Node 10/Node 144
,Node 11
,Node 11/Node 12
,Node 11/Node 12/Node 184
,Node 11/Node 12/Node 189
,Node 11/Node 12/Node 195
,Node 11/Node 12/Node 206
,Node 11/Node 12/Node 207
,Node 12
,Node 12/Node 184
,Node 12/Node 189
,Node 12/Node 195
,Node 12/Node 206
,Node 12/Node 207
,Node 12
,Node 12/Node 184
,Node 12/Node 189
,Node 12/Node 195
,Node 12/Node 206
,Node 12/Node 207
,Node 12
,Node 12/Node 184
,Node 12/Node 189
,Node 12/Node 195
,Node 12/Node 206
,Node 12/Node 207
,Node 12
,Node 12/Node 184
,Node 12/Node 189
,Node 12/Node 195
,Node 12/Node 206
,Node 12/Node 207
,Node 12
,Node 12/Node 184
,Node 12/Node 189
,Node 12/Node 195
,Node 12/Node 206
,Node 12/Node 207
,Node 13
,Node 13/Node 14
,Node 13/Node 14/Node 99
,Node 13/Node 14/Node 101
,Node 13/Node 14/Node 103
,Node 13/Node 14/Node 104
,Node 13/Node 14/Node 105
,Node 13/Node 14/Node 107
,Node 13/Node 14/Node 109
,Node 13/Node 14/Node 111
,Node 14
,Node 14/Node 99
,Node 14/Node 101
,Node 14/Node 103
,Node 14/Node 104
,Node 14/Node 105
,Node 14/Node 107
,Node 14/Node 109
,Node 14/Node 111
,Node 14
,Node 14/Node 99
,Node 14/Node 101
,Node 14/Node 103
,Node 14/Node 104
,Node 14/Node 105
,Node 14/Node 107
,Node 14/Node 109
,Node 14/Node 111
,Node 14
,Node 14/Node 99
,Node 14/Node 101
,Node 14/Node 103
,Node 14/Node 104
,Node 14/Node 105
,Node 14/Node 107
,Node 14/Node 109
,Node 14/Node 111
,Node 14
,Node 14/Node 99
,Node 14/Node 101
,Node 14/Node 103
,Node 14/Node 104
,Node 14/Node 105
,Node 14/Node 107
,Node 14/Node 109
,Node 14/Node 111
,Node 14
,Node 14/Node 99
,Node 14/Node 101
,Node 14/Node 103
,Node 14/Node 104
,Node 14/Node 105
,Node 14/Node 107
,Node 14/Node 109
,Node 14/Node 111
,Node 14
,Node 14/Node 99
,Node 14/Node 101
,Node 14/Node 103
,Node 14/Node 104
,Node 14/Node 105
,Node 14/Node 107
,Node 14/Node 109
,Node 14/Node 111
,Node 14
,Node 14/Node 99
,Node 14/Node 101
,Node 14/Node 103
,Node 14/Node 104
,Node 14/Node 105
,Node 14/Node 107
,Node 14/Node 109
,Node 14/Node 111
,Node 14
,Node 14/Node 99
,Node 14/Node 101
,Node 14/Node 103
,Node 14/Node 104
,Node 14/Node 105
,Node 14/Node 107
,Node 14/Node 109
,Node 14/Node 111
,Node 15
,Node 15/Node 16
,Node 15/Node 16/Node 191
,Node 15/Node 16/Node 192
,Node 15/Node 16/Node 194
,Node 15/Node 16/Node 197
,Node 16
,Node 16/Node 191
,Node 16/Node 192
,Node 16/Node 194
,Node 16/Node 197
,Node 16
,Node 16/Node 191
,Node 16/Node 192
,Node 16/Node 194
,Node 16/Node 197
,Node 16
,Node 16/Node 191
,Node 16/Node 192
,Node 16/Node 194
,Node 16/Node 197
,Node 16
,Node 16/Node 191
,Node 16/Node 192
,Node 16/Node 194
,Node 16/Node 197
,Node 17
,Node 17/Node 18
,Node 17/Node 18/Node 198
,Node 17/Node 18/Node 199
,Node 17/Node 18/Node 200
,Node 18
,Node 18/Node 198
,Node 18/Node 199
,Node 18/Node 200
,Node 18
,Node 18/Node 198
,Node 18/Node 199
,Node 18/Node 200
,Node 18
,Node 18/Node 198
,Node 18/Node 199
,Node 18/Node 200
,Node 19
,Node 19/Node 20
,Node 19/Node 20/Node 167
,Node 19/Node 20/Node 169
,Node 19/Node 20/Node 171
,Node 19/Node 20/Node 173
,Node 19/Node 20/Node 176
,Node 20
,Node 20/Node 167
,Node 20/Node 169
,Node 20/Node 171
,Node 20/Node 173
,Node 20/Node 176
,Node 20
,Node 20/Node 167
,Node 20/Node 169
,Node 20/Node 171
,Node 20/Node 173
,Node 20/Node 176
,Node 20
,Node 20/Node 167
,Node 20/Node 169
,Node 20/Node 171
,Node 20/Node 173
,Node 20/Node 176
,Node 20
,Node 20/Node 167
,Node 20/Node 169
,Node 20/Node 171
,Node 20/Node 173
,Node 20/Node 176
,Node 20
,Node 20/Node 167
,Node 20/Node 169
,Node 20/Node 171
,Node 20/Node 173
,Node 20/Node 176
,Node 21
,Node 21/Node 22
,Node 21/Node 22/Node 97
,Node 21/Node 22/Node 117
,Node 21/Node 22/Node 119
,Node 21/Node 33
,Node 21
,Node 21/Node 22
,Node 21/Node 22/Node 97
,Node 21/Node 22/Node 117
,Node 21/Node 22/Node 119
,Node 21/Node 33
,Node 22
,Node 22/Node 97
,Node 22/Node 117
,Node 22/Node 119
,Node 22
,Node 22/Node 97
,Node 22/Node 117
,Node 22/Node 119
,Node 22
,Node 22/Node 97
,Node 22/Node 117
,Node 22/Node 119
,Node 23
,Node 23/Node 24
